,item_id,state_id,price,sale_perday,elasticity,target_days,discount%,cost_price,stock on hand,discount_price,predict_total_sale,cost,revenue,profit
0,HOBBIES_2_001,CA,4.46999979019165,1.0,0.0,7,0,2.234999895095825,100,4.46999979019165,7.0,15.64,31.29,15.649999999999999
1,HOBBIES_2_001,CA,5.670000076293945,1.125,0.0,7,0,2.234999895095825,100,5.670000076293945,7.875,17.6,44.65,27.049999999999997
2,HOBBIES_2_001,CA,5.96999979019165,1.1299435028248588,0.0,7,0,2.234999895095825,100,5.96999979019165,7.909604519774011,17.68,47.22,29.54
3,HOBBIES_2_001,TX,2.9700000286102295,1.0,0.0,7,0,1.4850000143051147,100,2.9700000286102295,7.0,10.4,20.79,10.389999999999999
4,HOBBIES_2_001,TX,5.670000076293945,1.075,0.22497547599240067,7,0,1.4850000143051147,100,5.670000076293945,7.5249999999999995,11.17,42.67,31.5
5,HOBBIES_2_001,TX,5.96999979019165,1.1623376623376624,0.0,7,0,1.4850000143051147,100,5.96999979019165,8.136363636363637,12.08,48.57,36.49
6,HOBBIES_2_001,WI,5.670000076293945,1.1304347826086956,0.0,7,0,2.8350000381469727,100,5.670000076293945,7.913043478260869,22.43,44.87,22.439999999999998
7,HOBBIES_2_001,WI,5.96999979019165,1.1428571428571428,0.0,7,0,2.8350000381469727,100,5.96999979019165,8.0,22.68,47.76,25.08
8,HOBBIES_2_002,CA,1.4700000286102295,1.3453947368421053,0.1750533023577319,7,0,0.7350000143051147,100,1.4700000286102295,9.417763157894736,6.92,13.84,6.92
9,HOBBIES_2_002,TX,1.4700000286102295,1.4460227272727273,0.0,7,0,0.7350000143051147,100,1.4700000286102295,10.122159090909092,7.44,14.88,7.44
10,HOBBIES_2_002,TX,2.1700000762939453,1.5,0.0,7,0,0.7350000143051147,100,2.1700000762939453,10.5,7.72,22.79,15.07
11,HOBBIES_2_002,WI,1.4700000286102295,1.3269230769230769,0.13248065389399277,7,0,0.7350000143051147,100,1.4700000286102295,9.288461538461538,6.83,13.65,6.82
12,HOBBIES_2_002,WI,2.1700000762939453,1.3636363636363635,0.0,7,0,0.7350000143051147,100,2.1700000762939453,9.545454545454545,7.02,20.71,13.690000000000001
13,HOBBIES_2_004,TX,2.569999933242798,1.0714285714285714,5.101768148700797,7,10,1.284999966621399,100,2.312999939918518,11.326326111525598,14.55,26.2,11.649999999999999
14,HOBBIES_2_004,WI,2.569999933242798,1.25,1.5647835267676449,7,0,1.284999966621399,100,2.569999933242798,8.75,11.24,22.49,11.249999999999998
15,HOBBIES_2_006,CA,3.9700000286102295,1.1775456919060052,0.0,7,0,1.9850000143051147,100,3.9700000286102295,8.242819843342037,16.36,32.72,16.36
16,HOBBIES_2_006,TX,0.4000000059604645,1.0,0.0,7,0,0.20000000298023224,100,0.4000000059604645,7.0,1.4,2.8,1.4
17,HOBBIES_2_006,TX,2.9700000286102295,2.0,3.100140149730028,7,30,0.20000000298023224,100,2.0790000200271606,27.02058862886612,5.4,56.18,50.78
18,HOBBIES_2_006,TX,3.9700000286102295,1.1230329041487839,0.3350437698873919,7,0,0.20000000298023224,100,3.9700000286102295,7.861230329041487,1.57,31.21,29.64
19,HOBBIES_2_006,WI,3.9700000286102295,1.0921052631578947,0.0,7,0,1.9850000143051147,100,3.9700000286102295,7.644736842105263,15.17,30.35,15.180000000000001
20,HOBBIES_2_007,TX,1.1699999570846558,1.375,0.6196269144186798,7,0,0.5849999785423279,100,1.1699999570846558,9.625,5.63,11.26,5.63
21,HOBBIES_2_007,WI,1.1699999570846558,1.25,0.7467463208286622,7,0,0.5849999785423279,100,1.1699999570846558,8.75,5.12,10.24,5.12
22,HOBBIES_2_008,CA,3.7699999809265137,1.0828025477707006,0.0,7,0,1.8849999904632568,100,3.7699999809265137,7.579617834394904,14.29,28.58,14.29
23,HOBBIES_2_008,CA,3.880000114440918,1.1180722891566266,0.0,7,0,1.8849999904632568,100,3.880000114440918,7.826506024096386,14.75,30.37,15.620000000000001
24,HOBBIES_2_008,TX,0.9900000095367432,1.0,0.0,7,0,0.4950000047683716,100,0.9900000095367432,7.0,3.47,6.93,3.4599999999999995
25,HOBBIES_2_008,TX,3.7699999809265137,1.1556603773584906,0.0,7,0,0.4950000047683716,100,3.7699999809265137,8.089622641509434,4.0,30.5,26.5
26,HOBBIES_2_008,TX,3.880000114440918,1.1641285956006768,0.0,7,0,0.4950000047683716,100,3.880000114440918,8.148900169204738,4.03,31.62,27.59
27,HOBBIES_2_008,WI,3.7699999809265137,1.065934065934066,0.3212575507929621,7,0,1.8849999904632568,100,3.7699999809265137,7.461538461538462,14.06,28.13,14.069999999999999
28,HOBBIES_2_008,WI,3.880000114440918,1.0753623188405796,0.0,7,0,1.8849999904632568,100,3.880000114440918,7.527536231884057,14.19,29.21,15.020000000000001
29,HOBBIES_2_009,CA,4.739999771118164,1.4552845528455285,0.6125321918580339,7,0,2.369999885559082,100,4.739999771118164,10.1869918699187,24.14,48.29,24.15
30,HOBBIES_2_009,CA,4.96999979019165,1.297872340425532,0.0,7,0,2.369999885559082,100,4.96999979019165,9.085106382978724,21.53,45.15,23.619999999999997
31,HOBBIES_2_009,CA,5.46999979019165,1.3371647509578544,0.527023813972967,7,0,2.369999885559082,100,5.46999979019165,9.360153256704981,22.18,51.2,29.020000000000003
32,HOBBIES_2_009,CA,5.96999979019165,1.2922077922077921,0.1443517197875535,7,0,2.369999885559082,100,5.96999979019165,9.045454545454545,21.44,54.0,32.56
33,HOBBIES_2_009,TX,4.739999771118164,2.2130681818181817,1.5021890504670692,7,0,2.369999885559082,100,4.739999771118164,15.491477272727272,36.71,73.43,36.720000000000006
34,HOBBIES_2_009,TX,4.769999980926514,3.0,0.0,7,0,2.369999885559082,100,4.769999980926514,21.0,49.77,100.17,50.4
35,HOBBIES_2_009,TX,5.170000076293945,1.7692307692307692,0.0,7,0,2.369999885559082,100,5.170000076293945,12.384615384615383,29.35,64.03,34.68
36,HOBBIES_2_009,TX,5.46999979019165,1.9869565217391305,2.3010565184081817,7,10,2.369999885559082,100,4.9229998111724855,17.109165131472942,40.55,84.23,43.68000000000001
37,HOBBIES_2_009,TX,5.96999979019165,1.6900149031296572,0.472105345909375,7,0,2.369999885559082,100,5.96999979019165,11.8301043219076,28.04,70.63,42.589999999999996
38,HOBBIES_2_009,WI,3.9700000286102295,1.3666666666666667,0.11067048747404987,7,0,1.9850000143051147,100,3.9700000286102295,9.566666666666666,18.99,37.98,18.99
39,HOBBIES_2_009,WI,4.739999771118164,1.3815028901734103,0.0,7,0,1.9850000143051147,100,4.739999771118164,9.670520231213873,19.2,45.84,26.640000000000004
40,HOBBIES_2_009,WI,5.170000076293945,1.2142857142857142,0.0,7,0,1.9850000143051147,100,5.170000076293945,8.5,16.87,43.95,27.080000000000002
41,HOBBIES_2_009,WI,5.46999979019165,1.3653846153846154,0.07575690209627337,7,0,1.9850000143051147,100,5.46999979019165,9.557692307692308,18.97,52.28,33.31
42,HOBBIES_2_009,WI,5.96999979019165,1.3178082191780822,0.13584017691391378,7,0,1.9850000143051147,100,5.96999979019165,9.224657534246575,18.31,55.07,36.760000000000005
43,HOBBIES_2_010,CA,0.5,1.0,0.0,7,0,0.25,100,0.5,7.0,1.75,3.5,1.75
44,HOBBIES_2_013,CA,3.880000114440918,1.0,0.0,7,0,1.940000057220459,100,3.880000114440918,7.0,13.58,27.16,13.58
45,HOBBIES_2_013,CA,7.369999885559082,1.1081081081081081,0.5663837033608832,7,0,1.940000057220459,100,7.369999885559082,7.756756756756757,15.05,57.17,42.120000000000005
46,HOBBIES_2_013,CA,7.46999979019165,1.1545454545454545,0.0,7,0,1.940000057220459,100,7.46999979019165,8.081818181818182,15.68,60.37,44.69
47,HOBBIES_2_013,TX,7.369999885559082,1.0961538461538463,0.16476484203382236,7,0,3.684999942779541,100,7.369999885559082,7.673076923076923,28.28,56.55,28.269999999999996
48,HOBBIES_2_013,TX,7.46999979019165,1.1956521739130435,0.0,7,0,3.684999942779541,100,7.46999979019165,8.369565217391305,30.84,62.52,31.680000000000003
49,HOBBIES_2_013,WI,2.5,1.0,0.0,7,0,1.25,100,2.5,7.0,8.75,17.5,8.75
50,HOBBIES_2_013,WI,7.369999885559082,1.1311475409836065,0.0,7,0,1.25,100,7.369999885559082,7.918032786885245,9.9,58.36,48.46
51,HOBBIES_2_013,WI,7.46999979019165,1.2439024390243902,0.0,7,0,1.25,100,7.46999979019165,8.707317073170731,10.88,65.04,54.160000000000004
52,HOBBIES_2_015,CA,2.4700000286102295,1.2813455657492354,0.4531786329863328,7,0,1.2350000143051147,100,2.4700000286102295,8.969418960244647,11.08,22.15,11.069999999999999
53,HOBBIES_2_015,TX,1.4700000286102295,1.0,0.0,7,0,0.7350000143051147,100,1.4700000286102295,7.0,5.15,10.29,5.139999999999999
54,HOBBIES_2_015,TX,2.4700000286102295,1.3195876288659794,0.0,7,0,0.7350000143051147,100,2.4700000286102295,9.237113402061855,6.79,22.82,16.03
55,HOBBIES_2_015,WI,3.4700000286102295,1.2857142857142858,0.13585000157356247,7,0,1.7350000143051147,100,3.4700000286102295,9.0,15.62,31.23,15.610000000000001
56,HOBBIES_2_016,TX,2.0,1.0,0.0,7,0,1.0,100,2.0,7.0,7.0,14.0,7.0
57,HOBBIES_2_016,TX,5.170000076293945,1.5,0.0,7,0,1.0,100,5.170000076293945,10.5,10.5,54.29,43.79
58,HOBBIES_2_016,WI,1.9700000286102295,1.0,0.0,7,0,0.9850000143051147,100,1.9700000286102295,7.0,6.9,13.79,6.889999999999999
59,HOBBIES_2_016,WI,5.170000076293945,1.0769230769230769,0.9973229459317948,7,0,0.9850000143051147,100,5.170000076293945,7.538461538461538,7.43,38.97,31.54
60,HOBBIES_2_017,CA,0.5,1.3275862068965518,0.6869665565158092,7,0,0.25,100,0.5,9.293103448275863,2.32,4.65,2.3300000000000005
61,HOBBIES_2_017,CA,0.5699999928474426,1.2242990654205608,0.0,7,0,0.25,100,0.5699999928474426,8.570093457943926,2.14,4.88,2.7399999999999998
62,HOBBIES_2_017,TX,0.15000000596046448,1.6666666666666667,0.39663040338497235,7,0,0.07500000298023224,100,0.15000000596046448,11.666666666666668,0.88,1.75,0.87
63,HOBBIES_2_017,TX,0.25,3.0,0.0,7,0,0.07500000298023224,100,0.25,21.0,1.58,5.25,3.67
64,HOBBIES_2_017,TX,0.5,1.3044871794871795,0.0,7,0,0.07500000298023224,100,0.5,9.131410256410257,0.68,4.57,3.89
65,HOBBIES_2_017,TX,0.5699999928474426,1.3601036269430051,0.0,7,0,0.07500000298023224,100,0.5699999928474426,9.520725388601036,0.71,5.43,4.72
66,HOBBIES_2_017,WI,0.5,1.2852664576802508,0.881494591104662,7,0,0.25,100,0.5,8.996865203761756,2.25,4.5,2.25
67,HOBBIES_2_017,WI,0.5699999928474426,1.1597222222222223,0.2119106492937671,7,0,0.25,100,0.5699999928474426,8.118055555555557,2.03,4.63,2.6
68,HOBBIES_2_018,CA,2.700000047683716,15.0,48.72367615039144,7,0,1.350000023841858,100,2.700000047683716,100.0,135.0,270.0,135.0
69,HOBBIES_2_018,TX,3.0,1.6875,1.226846796328788,7,0,1.5,100,3.0,11.8125,17.72,35.44,17.72
70,HOBBIES_2_018,WI,2.369999885559082,1.0,0.0,7,0,1.184999942779541,100,2.369999885559082,7.0,8.29,16.59,8.3
71,HOBBIES_2_018,WI,3.0,1.0,0.0,7,0,1.184999942779541,100,3.0,7.0,8.29,21.0,12.71
72,HOBBIES_2_019,TX,3.0,1.7619047619047619,4.221536983898283,7,10,1.5,100,2.7,17.539895613474542,26.31,47.36,21.05
73,HOBBIES_2_020,CA,3.7699999809265137,1.0833333333333333,0.0,7,0,1.8849999904632568,100,3.7699999809265137,7.583333333333333,14.29,28.59,14.3
74,HOBBIES_2_020,CA,3.880000114440918,1.1028225806451613,0.0,7,0,1.8849999904632568,100,3.880000114440918,7.719758064516129,14.55,29.95,15.399999999999999
75,HOBBIES_2_020,TX,3.5,1.0,0.0,7,0,1.75,100,3.5,7.0,12.25,24.5,12.25
76,HOBBIES_2_020,TX,3.7699999809265137,1.076086956521739,0.8367192803215023,7,0,1.75,100,3.7699999809265137,7.532608695652173,13.18,28.4,15.219999999999999
77,HOBBIES_2_020,TX,3.880000114440918,1.1636060100166945,0.0,7,0,1.75,100,3.880000114440918,8.145242070116861,14.25,31.6,17.35
78,HOBBIES_2_020,WI,3.7699999809265137,1.0789473684210527,0.8432619993351754,7,0,1.8849999904632568,100,3.7699999809265137,7.552631578947368,14.24,28.47,14.229999999999999
79,HOBBIES_2_020,WI,3.880000114440918,1.0746753246753247,0.1357011621011535,7,0,1.8849999904632568,100,3.880000114440918,7.5227272727272725,14.18,29.19,15.010000000000002
80,HOBBIES_2_027,CA,1.9700000286102295,1.2903225806451613,0.9030107631478261,7,0,0.9850000143051147,100,1.9700000286102295,9.032258064516128,8.9,17.79,8.889999999999999
81,HOBBIES_2_027,TX,1.9700000286102295,1.4867549668874172,0.7979449595737924,7,0,0.9850000143051147,100,1.9700000286102295,10.40728476821192,10.25,20.5,10.25
82,HOBBIES_2_027,TX,2.4700000286102295,1.28,0.0,7,0,0.9850000143051147,100,2.4700000286102295,8.96,8.83,22.13,13.299999999999999
83,HOBBIES_2_027,WI,1.9700000286102295,1.2582417582417582,0.145584417270732,7,0,0.9850000143051147,100,1.9700000286102295,8.807692307692307,8.68,17.35,8.670000000000002
84,HOBBIES_2_028,CA,0.8799999952316284,1.7986179664363278,0.0,7,0,0.4399999976158142,100,0.8799999952316284,12.590325765054294,5.54,11.08,5.54
85,HOBBIES_2_028,CA,0.9700000286102295,1.4736842105263157,1.7664278471285006,7,0,0.4399999976158142,100,0.9700000286102295,10.31578947368421,4.54,10.01,5.47
86,HOBBIES_2_028,TX,0.23000000417232513,2.0,0.0,7,0,0.11500000208616257,100,0.23000000417232513,14.0,1.61,3.22,1.61
87,HOBBIES_2_028,TX,0.5,7.0,7.119286452078095,7,10,0.11500000208616257,100,0.45,83.88450361518265,9.65,37.75,28.1
88,HOBBIES_2_028,TX,0.8799999952316284,1.9096459096459097,0.015985724187903404,7,0,0.11500000208616257,100,0.8799999952316284,13.367521367521368,1.54,11.76,10.219999999999999
89,HOBBIES_2_028,TX,1.1699999570846558,1.21875,1.0978537851703223,7,0,0.11500000208616257,100,1.1699999570846558,8.53125,0.98,9.98,9.0
90,HOBBIES_2_028,WI,0.75,1.0,0.0,7,0,0.375,100,0.75,7.0,2.62,5.25,2.63
91,HOBBIES_2_028,WI,0.7699999809265137,1.6741573033707866,1.4652930771367667,7,0,0.375,100,0.7699999809265137,11.719101123595506,4.39,9.02,4.63
92,HOBBIES_2_028,WI,0.8799999952316284,1.8312883435582823,0.0,7,0,0.375,100,0.8799999952316284,12.819018404907975,4.81,11.28,6.47
93,HOBBIES_2_028,WI,1.1699999570846558,1.6666666666666667,0.2727815665859255,7,0,0.375,100,1.1699999570846558,11.666666666666668,4.38,13.65,9.27
94,HOBBIES_2_029,CA,2.0,2.0,0.9896042741274405,7,0,1.0,100,2.0,14.0,14.0,28.0,14.0
95,HOBBIES_2_029,CA,2.5799999237060547,1.6813186813186813,9.163745073442152,7,30,1.0,100,1.8059999465942382,44.12429991315345,44.12,79.69,35.57
96,HOBBIES_2_029,CA,2.7699999809265137,1.5685185185185184,0.9110152550184467,7,0,1.0,100,2.7699999809265137,10.97962962962963,10.98,30.41,19.43
97,HOBBIES_2_029,CA,2.880000114440918,1.5206611570247934,0.5447031598169056,7,0,1.0,100,2.880000114440918,10.644628099173554,10.64,30.66,20.02
98,HOBBIES_2_029,TX,2.5,2.0,2.1561590661723935,7,0,1.25,100,2.5,14.0,17.5,35.0,17.5
99,HOBBIES_2_029,TX,2.5799999237060547,1.6736842105263159,0.0,7,0,1.25,100,2.5799999237060547,11.715789473684211,14.64,30.23,15.59
100,HOBBIES_2_029,TX,2.7699999809265137,1.5533980582524272,0.9759061956854976,7,0,1.25,100,2.7699999809265137,10.87378640776699,13.59,30.12,16.53
101,HOBBIES_2_029,TX,2.880000114440918,1.5570342205323193,0.0,7,0,1.25,100,2.880000114440918,10.899239543726235,13.62,31.39,17.770000000000003
102,HOBBIES_2_029,WI,2.4800000190734863,2.3333333333333335,4.176575746765563,7,10,1.2400000095367432,100,2.2320000171661376,23.155073719717095,28.71,51.68,22.97
103,HOBBIES_2_029,WI,2.7699999809265137,1.6238317757009346,0.25429861919283936,7,0,1.2400000095367432,100,2.7699999809265137,11.366822429906541,14.09,31.49,17.4
104,HOBBIES_2_029,WI,2.880000114440918,1.476718403547672,2.2813802039773887,7,10,1.2400000095367432,100,2.5920001029968263,12.69529811772563,15.74,32.91,17.169999999999995
105,HOBBIES_2_030,CA,0.5,2.0,1.527467195730616,7,0,0.25,100,0.5,14.0,3.5,7.0,3.5
106,HOBBIES_2_030,CA,0.9700000286102295,1.1493506493506493,0.0,7,0,0.25,100,0.9700000286102295,8.045454545454545,2.01,7.8,5.79
107,HOBBIES_2_030,TX,0.9700000286102295,1.1764705882352942,0.0,7,0,0.48500001430511475,100,0.9700000286102295,8.23529411764706,3.99,7.99,4.0
108,HOBBIES_2_030,WI,0.5,1.0,0.0,7,0,0.25,100,0.5,7.0,1.75,3.5,1.75
109,HOBBIES_2_030,WI,0.9700000286102295,1.1384615384615384,0.03346153066708667,7,0,0.25,100,0.9700000286102295,7.969230769230769,1.99,7.73,5.74
110,HOBBIES_2_031,CA,6.28000020980835,1.0,0.0,7,0,3.140000104904175,100,6.28000020980835,7.0,21.98,43.96,21.98
111,HOBBIES_2_031,WI,5.570000171661377,1.0,0.0,7,0,2.7850000858306885,100,5.570000171661377,7.0,19.5,38.99,19.490000000000002
112,HOBBIES_2_032,CA,0.9700000286102295,1.9815140845070423,3.5386750076470177,7,10,0.48500001430511475,100,0.8730000257492065,18.778952649251238,9.11,16.39,7.280000000000001
113,HOBBIES_2_032,TX,0.9700000286102295,1.9365079365079365,0.1635706665668102,7,0,0.48500001430511475,100,0.9700000286102295,13.555555555555555,6.57,13.15,6.58
114,HOBBIES_2_032,WI,0.9700000286102295,1.6956521739130435,3.674951744872725,7,10,0.48500001430511475,100,0.8730000257492065,16.231573158044583,7.87,14.17,6.3
115,HOBBIES_2_033,CA,2.4800000190734863,3.5,4.1496174961557974,7,10,1.2400000095367432,100,2.2320000171661376,34.6665628655817,42.99,77.38,34.38999999999999
116,HOBBIES_2_033,CA,2.7699999809265137,1.9772209567198178,1.3201100778017782,7,0,1.2400000095367432,100,2.7699999809265137,13.840546697038725,17.16,38.34,21.180000000000003
117,HOBBIES_2_033,CA,2.880000114440918,2.2203389830508473,0.0,7,0,1.2400000095367432,100,2.880000114440918,15.54237288135593,19.27,44.76,25.49
118,HOBBIES_2_033,TX,2.3299999237060547,1.0,0.0,7,0,1.1649999618530273,100,2.3299999237060547,7.0,8.15,16.31,8.159999999999998
119,HOBBIES_2_033,TX,2.5799999237060547,1.703583061889251,0.0,7,0,1.1649999618530273,100,2.5799999237060547,11.925081433224756,13.89,30.77,16.88
120,HOBBIES_2_033,TX,2.7699999809265137,1.9503267973856209,0.0,7,0,1.1649999618530273,100,2.7699999809265137,13.652287581699346,15.9,37.82,21.92
121,HOBBIES_2_033,TX,2.880000114440918,1.9223880597014926,0.36073306009387424,7,0,1.1649999618530273,100,2.880000114440918,13.456716417910448,15.68,38.76,23.08
122,HOBBIES_2_033,WI,2.5799999237060547,2.5040871934604905,0.0,7,0,1.2899999618530273,100,2.5799999237060547,17.52861035422343,22.61,45.22,22.61
123,HOBBIES_2_033,WI,2.7699999809265137,1.9590443686006827,2.9556100937122154,7,10,1.2899999618530273,100,2.4929999828338625,17.766430497111152,22.92,44.29,21.369999999999997
124,HOBBIES_2_033,WI,2.880000114440918,1.7099514563106797,3.2018696827538866,7,10,1.2899999618530273,100,2.5920001029968263,15.802189403034172,20.38,40.96,20.580000000000002
125,HOBBIES_2_034,CA,2.5,1.1818181818181819,0.0,7,0,1.25,100,2.5,8.272727272727273,10.34,20.68,10.34
126,HOBBIES_2_034,CA,2.9700000286102295,1.2619808306709266,0.0,7,0,1.25,100,2.9700000286102295,8.833865814696486,11.04,26.24,15.2
127,HOBBIES_2_034,TX,1.9500000476837158,2.0,3.7105754608447974,7,10,0.9750000238418579,100,1.7550000429153443,19.194805645182715,18.71,33.69,14.979999999999997
128,HOBBIES_2_034,TX,2.5,1.101123595505618,0.0,7,0,0.9750000238418579,100,2.5,7.7078651685393265,7.52,19.27,11.75
129,HOBBIES_2_034,TX,2.9700000286102295,1.2310756972111554,0.0,7,0,0.9750000238418579,100,2.9700000286102295,8.617529880478088,8.4,25.59,17.189999999999998
130,HOBBIES_2_034,WI,1.9700000286102295,1.0,0.0,7,0,0.9850000143051147,100,1.9700000286102295,7.0,6.9,13.79,6.889999999999999
131,HOBBIES_2_034,WI,2.5,1.2173913043478262,0.05665959676130297,7,0,0.9850000143051147,100,2.5,8.521739130434783,8.39,21.3,12.91
132,HOBBIES_2_034,WI,2.9700000286102295,1.2065727699530517,0.0,7,0,0.9850000143051147,100,2.9700000286102295,8.446009389671362,8.32,25.08,16.759999999999998
133,HOBBIES_2_035,CA,3.9700000286102295,1.0,0.0,7,0,1.9850000143051147,100,3.9700000286102295,7.0,13.9,27.79,13.889999999999999
134,HOBBIES_2_035,TX,3.9700000286102295,3.0,15.687636171910643,7,10,1.9850000143051147,100,3.5730000257492067,53.94403596101233,107.08,192.74,85.66000000000001
135,HOBBIES_2_036,CA,0.8799999952316284,2.3575851393188856,1.0611538800828335,7,0,0.4399999976158142,100,0.8799999952316284,16.5030959752322,7.26,14.52,7.26
136,HOBBIES_2_036,TX,0.8799999952316284,2.4504672897196262,1.6492646646001554,7,0,0.4399999976158142,100,0.8799999952316284,17.153271028037384,7.55,15.09,7.54
137,HOBBIES_2_036,WI,0.8799999952316284,1.9074626865671642,0.7319945032039368,7,0,0.4399999976158142,100,0.8799999952316284,13.35223880597015,5.87,11.75,5.88
138,HOBBIES_2_037,CA,0.9700000286102295,1.20817843866171,0.0,7,0,0.48500001430511475,100,0.9700000286102295,8.45724907063197,4.1,8.2,4.1
139,HOBBIES_2_037,TX,0.5,1.0,0.0,7,0,0.25,100,0.5,7.0,1.75,3.5,1.75
140,HOBBIES_2_037,TX,0.9700000286102295,1.1918158567774937,1.5491044984902138,7,0,0.25,100,0.9700000286102295,8.342710997442456,2.09,8.09,6.0
141,HOBBIES_2_037,WI,0.5,1.0,0.0,7,0,0.25,100,0.5,7.0,1.75,3.5,1.75
142,HOBBIES_2_037,WI,0.9700000286102295,1.1149732620320856,0.0,7,0,0.25,100,0.9700000286102295,7.804812834224599,1.95,7.57,5.62
143,HOBBIES_2_039,CA,3.9700000286102295,1.0,0.0,7,0,1.9850000143051147,100,3.9700000286102295,7.0,13.9,27.79,13.889999999999999
144,HOBBIES_2_039,CA,4.0,1.0,-0.0,7,0,1.9850000143051147,100,4.0,7.0,13.9,28.0,14.1
145,HOBBIES_2_039,TX,3.0,1.0,0.0,7,0,1.5,100,3.0,7.0,10.5,21.0,10.5
146,HOBBIES_2_039,TX,3.5,1.0,0.0,7,0,1.5,100,3.5,7.0,10.5,24.5,14.0
147,HOBBIES_2_039,TX,3.9800000190734863,1.0,-0.0,7,0,1.5,100,3.9800000190734863,7.0,10.5,27.86,17.36
148,HOBBIES_2_039,WI,4.46999979019165,1.0,0.0,7,0,2.234999895095825,100,4.46999979019165,7.0,15.64,31.29,15.649999999999999
149,HOBBIES_2_041,TX,5.769999980926514,1.0,0.19264589486376857,7,0,2.884999990463257,100,5.769999980926514,7.0,20.19,40.39,20.2
150,HOBBIES_2_042,CA,0.7400000095367432,1.9233067729083666,1.5131438118957594,7,0,0.3700000047683716,100,0.7400000095367432,13.463147410358566,4.98,9.96,4.98
151,HOBBIES_2_042,CA,0.9700000286102295,1.4154589371980677,0.0,7,0,0.3700000047683716,100,0.9700000286102295,9.908212560386474,3.67,9.61,5.9399999999999995
152,HOBBIES_2_042,TX,0.7400000095367432,1.8049921996879874,1.0000677753633687,7,0,0.3700000047683716,100,0.7400000095367432,12.634945397815912,4.67,9.35,4.68
153,HOBBIES_2_042,TX,1.4700000286102295,1.5844748858447488,0.12384435569485971,7,0,0.3700000047683716,100,1.4700000286102295,11.091324200913242,4.1,16.3,12.200000000000001
154,HOBBIES_2_042,WI,0.7400000095367432,1.5649202733485195,0.0,7,0,0.3700000047683716,100,0.7400000095367432,10.954441913439636,4.05,8.11,4.06
155,HOBBIES_2_042,WI,0.9700000286102295,1.715846994535519,0.42306011752352646,7,0,0.3700000047683716,100,0.9700000286102295,12.010928961748633,4.44,11.65,7.21
156,HOBBIES_2_044,WI,2.9700000286102295,1.0,0.0,7,0,1.4850000143051147,100,2.9700000286102295,7.0,10.4,20.79,10.389999999999999
157,HOBBIES_2_045,CA,2.4700000286102295,1.2559852670349907,0.14624018750935316,7,0,1.2350000143051147,100,2.4700000286102295,8.791896869244935,10.86,21.72,10.86
158,HOBBIES_2_045,TX,2.4700000286102295,1.2305555555555556,0.07195562199492903,7,0,1.2350000143051147,100,2.4700000286102295,8.613888888888889,10.64,21.28,10.64
159,HOBBIES_2_045,WI,0.9700000286102295,1.0,0.0,7,0,0.48500001430511475,100,0.9700000286102295,7.0,3.4,6.79,3.39
160,HOBBIES_2_045,WI,2.4700000286102295,1.2535714285714286,0.2131591124041037,7,0,0.48500001430511475,100,2.4700000286102295,8.775,4.26,21.67,17.410000000000004
161,HOBBIES_2_046,CA,2.9700000286102295,1.204778156996587,0.389285177053683,7,0,1.4850000143051147,100,2.9700000286102295,8.433447098976108,12.52,25.05,12.530000000000001
162,HOBBIES_2_046,TX,2.9700000286102295,1.1749502982107356,0.308522975332139,7,0,1.4850000143051147,100,2.9700000286102295,8.22465208747515,12.21,24.43,12.219999999999999
163,HOBBIES_2_046,WI,2.9700000286102295,1.1484593837535013,0.12882787306638635,7,0,1.4850000143051147,100,2.9700000286102295,8.03921568627451,11.94,23.88,11.94
164,HOBBIES_2_047,CA,0.5,1.188191881918819,0.0,7,0,0.25,100,0.5,8.317343173431734,2.08,4.16,2.08
165,HOBBIES_2_047,TX,0.5,1.2849740932642486,0.0,7,0,0.25,100,0.5,8.994818652849741,2.25,4.5,2.25
166,HOBBIES_2_047,WI,0.5,1.1944444444444444,0.0,7,0,0.25,100,0.5,8.36111111111111,2.09,4.18,2.09
167,HOBBIES_2_048,CA,2.5799999237060547,1.6788990825688073,3.9816552039716613,7,10,1.2899999618530273,100,2.321999931335449,16.431651666318988,21.2,38.15,16.95
168,HOBBIES_2_048,CA,2.7699999809265137,1.5471698113207548,1.0654269027454657,7,0,1.2899999618530273,100,2.7699999809265137,10.830188679245284,13.97,30.0,16.03
169,HOBBIES_2_048,CA,2.880000114440918,1.414519906323185,2.15901427730806,7,0,1.2899999618530273,100,2.880000114440918,9.901639344262295,12.77,28.52,15.75
170,HOBBIES_2_048,TX,2.0,2.0,5.99999880790739,7,10,1.0,100,1.8,22.399998331070346,22.4,40.32,17.92
171,HOBBIES_2_048,TX,2.4000000953674316,1.0,0.0,7,0,1.0,100,2.4000000953674316,7.0,7.0,16.8,9.8
172,HOBBIES_2_048,TX,2.5,1.0,0.0,7,0,1.0,100,2.5,7.0,7.0,17.5,10.5
173,HOBBIES_2_048,TX,2.5799999237060547,1.7252747252747254,0.0,7,0,1.0,100,2.5799999237060547,12.076923076923077,12.08,31.16,19.08
174,HOBBIES_2_048,TX,2.7699999809265137,1.6246913580246913,0.7916511951978117,7,0,1.0,100,2.7699999809265137,11.37283950617284,11.37,31.5,20.130000000000003
175,HOBBIES_2_048,TX,2.880000114440918,1.5545023696682465,1.0878892024277707,7,0,1.0,100,2.880000114440918,10.881516587677726,10.88,31.34,20.46
176,HOBBIES_2_048,WI,2.5799999237060547,1.6593406593406594,7.163586164687654,7,10,1.2899999618530273,100,2.321999931335449,19.936165468214128,25.72,46.29,20.57
177,HOBBIES_2_048,WI,2.7699999809265137,1.620879120879121,0.3147437090796269,7,0,1.2899999618530273,100,2.7699999809265137,11.346153846153847,14.64,31.43,16.79
178,HOBBIES_2_048,WI,2.880000114440918,1.4736842105263157,2.2868028204796675,7,10,1.2899999618530273,100,2.5920001029968263,12.674807120073762,16.35,32.85,16.5
179,HOBBIES_2_049,CA,2.5,1.1729323308270676,0.0,7,0,1.25,100,2.5,8.210526315789473,10.26,20.53,10.270000000000001
180,HOBBIES_2_049,CA,2.9700000286102295,1.200501253132832,0.0,7,0,1.25,100,2.9700000286102295,8.403508771929825,10.5,24.96,14.46
181,HOBBIES_2_049,TX,1.0,1.0,0.0,7,0,0.5,100,1.0,7.0,3.5,7.0,3.5
182,HOBBIES_2_049,TX,2.5,1.2962962962962963,0.1006442479966054,7,0,0.5,100,2.5,9.074074074074074,4.54,22.69,18.150000000000002
183,HOBBIES_2_049,TX,2.9700000286102295,1.275974025974026,0.0,7,0,0.5,100,2.9700000286102295,8.931818181818182,4.47,26.53,22.060000000000002
184,HOBBIES_2_049,WI,2.5,1.1587301587301588,0.175531905899406,7,0,1.25,100,2.5,8.111111111111112,10.14,20.28,10.14
185,HOBBIES_2_049,WI,2.9700000286102295,1.1274131274131274,0.5851868957949483,7,0,1.25,100,2.9700000286102295,7.891891891891891,9.86,23.44,13.580000000000002
186,HOBBIES_2_050,TX,2.1700000762939453,1.0909090909090908,1.3362075739527428,7,0,1.0850000381469727,100,2.1700000762939453,7.636363636363636,8.29,16.57,8.280000000000001
187,HOBBIES_2_050,WI,2.1700000762939453,1.0,1.6416662991047763,7,0,1.0850000381469727,100,2.1700000762939453,7.0,7.6,15.19,7.59
188,HOBBIES_2_051,CA,1.6699999570846558,1.4297872340425533,0.0,7,0,0.8349999785423279,100,1.6699999570846558,10.008510638297873,8.36,16.71,8.350000000000001
189,HOBBIES_2_051,CA,1.9700000286102295,1.2703448275862068,0.6207654353888558,7,0,0.8349999785423279,100,1.9700000286102295,8.892413793103447,7.43,17.52,10.09
190,HOBBIES_2_051,TX,1.5700000524520874,1.6666666666666667,2.0553151129855047,7,0,0.7850000262260437,100,1.5700000524520874,11.666666666666668,9.16,18.32,9.16
191,HOBBIES_2_051,TX,1.6699999570846558,1.2681159420289856,0.29653360183178484,7,0,0.7850000262260437,100,1.6699999570846558,8.876811594202898,6.97,14.82,7.8500000000000005
192,HOBBIES_2_051,TX,1.9700000286102295,1.1759259259259258,0.40468772380316775,7,0,0.7850000262260437,100,1.9700000286102295,8.231481481481481,6.46,16.22,9.759999999999998
193,HOBBIES_2_051,WI,1.5700000524520874,2.076923076923077,2.9455692532734594,7,10,0.7850000262260437,100,1.4130000472068787,18.820866068220646,14.77,26.59,11.82
194,HOBBIES_2_051,WI,1.6699999570846558,1.2976190476190477,0.5375002026862743,7,0,0.7850000262260437,100,1.6699999570846558,9.083333333333334,7.13,15.17,8.04
195,HOBBIES_2_051,WI,1.9700000286102295,1.2996323529411764,0.0,7,0,0.7850000262260437,100,1.9700000286102295,9.097426470588236,7.14,17.92,10.780000000000001
196,HOBBIES_2_052,TX,1.0,2.0,0.9491266702193182,7,0,0.5,100,1.0,14.0,7.0,14.0,7.0
197,HOBBIES_2_053,CA,4.420000076293945,1.0,0.0,7,0,2.2100000381469727,100,4.420000076293945,7.0,15.47,30.94,15.47
198,HOBBIES_2_053,CA,4.96999979019165,1.437428896473265,0.0,7,0,2.2100000381469727,100,4.96999979019165,10.062002275312857,22.24,50.01,27.77
199,HOBBIES_2_053,TX,4.96999979019165,1.4645340751043114,0.0,7,0,2.484999895095825,100,4.96999979019165,10.25173852573018,25.48,50.95,25.470000000000002
200,HOBBIES_2_053,WI,4.96999979019165,1.320702402957486,0.0,7,0,2.484999895095825,100,4.96999979019165,9.244916820702402,22.97,45.95,22.980000000000004
201,HOBBIES_2_054,CA,3.9700000286102295,1.2249488752556237,0.0018633268822918039,7,0,1.9850000143051147,100,3.9700000286102295,8.574642126789366,17.02,34.04,17.02
202,HOBBIES_2_054,TX,2.5,2.0,1.7607683228805413,7,0,1.25,100,2.5,14.0,17.5,35.0,17.5
203,HOBBIES_2_054,TX,3.9700000286102295,1.2106741573033708,0.3539872157562997,7,0,1.25,100,3.9700000286102295,8.474719101123595,10.59,33.64,23.05
204,HOBBIES_2_054,WI,3.9700000286102295,1.1596091205211727,0.24021753142069716,7,0,1.9850000143051147,100,3.9700000286102295,8.117263843648209,16.11,32.23,16.119999999999997
205,HOBBIES_2_055,CA,2.5,1.1764705882352942,0.0,7,0,1.25,100,2.5,8.23529411764706,10.29,20.59,10.3
206,HOBBIES_2_055,CA,2.9700000286102295,1.1932773109243697,0.41031933248385777,7,0,1.25,100,2.9700000286102295,8.352941176470589,10.44,24.81,14.37
207,HOBBIES_2_055,TX,2.5,1.34375,0.5685766456571291,7,0,1.25,100,2.5,9.40625,11.76,23.52,11.76
208,HOBBIES_2_055,TX,2.9700000286102295,1.2328244274809161,0.0,7,0,1.25,100,2.9700000286102295,8.629770992366414,10.79,25.63,14.84
209,HOBBIES_2_055,WI,2.5,1.1896551724137931,0.3680257962902923,7,0,1.25,100,2.5,8.327586206896552,10.41,20.82,10.41
210,HOBBIES_2_055,WI,2.9700000286102295,1.1241830065359477,0.3615716252029345,7,0,1.25,100,2.9700000286102295,7.8692810457516345,9.84,23.37,13.530000000000001
211,HOBBIES_2_056,CA,1.940000057220459,1.2956521739130435,0.15774015054555182,7,0,0.9700000286102295,100,1.940000057220459,9.069565217391304,8.8,17.59,8.79
212,HOBBIES_2_056,CA,3.4800000190734863,1.211111111111111,9.366140123679662,7,30,0.9700000286102295,100,2.4360000133514403,32.29899415900305,31.33,78.68,47.35000000000001
213,HOBBIES_2_056,TX,1.940000057220459,1.0689655172413792,0.15584416055869835,7,0,0.9700000286102295,100,1.940000057220459,7.482758620689655,7.26,14.52,7.26
214,HOBBIES_2_056,TX,2.4700000286102295,1.0,0.2361533976804264,7,0,0.9700000286102295,100,2.4700000286102295,7.0,6.79,17.29,10.5
215,HOBBIES_2_056,TX,3.4800000190734863,1.0,0.0,7,0,0.9700000286102295,100,3.4800000190734863,7.0,6.79,24.36,17.57
216,HOBBIES_2_056,WI,1.0,1.0,0.0,7,0,0.5,100,1.0,7.0,3.5,7.0,3.5
217,HOBBIES_2_056,WI,1.940000057220459,1.3518518518518519,0.3278838907440852,7,0,0.5,100,1.940000057220459,9.462962962962964,4.73,18.36,13.629999999999999
218,HOBBIES_2_056,WI,3.4800000190734863,1.1805555555555556,0.0,7,0,0.5,100,3.4800000190734863,8.26388888888889,4.13,28.76,24.630000000000003
219,HOBBIES_2_057,TX,2.1700000762939453,1.3333333333333333,2.5883205883695752,7,10,1.0850000381469727,100,1.9530000686645508,11.7490992158116,12.75,22.95,10.2
220,HOBBIES_2_057,WI,2.1700000762939453,1.875,0.0,7,0,1.0850000381469727,100,2.1700000762939453,13.125,14.24,28.48,14.24
221,HOBBIES_2_059,CA,0.20000000298023224,4.517647058823529,1.0814480282602301,7,0,0.10000000149011612,100,0.20000000298023224,31.623529411764707,3.16,6.32,3.16
222,HOBBIES_2_059,CA,0.23000000417232513,3.566631130063966,1.4034088877946254,7,0,0.10000000149011612,100,0.23000000417232513,24.96641791044776,2.5,5.74,3.24
223,HOBBIES_2_059,CA,0.3700000047683716,3.847457627118644,0.0,7,0,0.10000000149011612,100,0.3700000047683716,26.93220338983051,2.69,9.96,7.270000000000001
224,HOBBIES_2_059,TX,0.23000000417232513,4.624728850325379,1.7807160152566626,7,0,0.11500000208616257,100,0.23000000417232513,32.37310195227765,3.72,7.45,3.73
225,HOBBIES_2_059,TX,0.25,5.447368421052632,0.0,7,0,0.11500000208616257,100,0.25,38.131578947368425,4.39,9.53,5.14
226,HOBBIES_2_059,TX,0.4699999988079071,2.2222222222222223,0.6727907126681796,7,0,0.11500000208616257,100,0.4699999988079071,15.555555555555557,1.79,7.31,5.52
227,HOBBIES_2_059,WI,0.20000000298023224,4.098305084745762,1.3522575163782917,7,0,0.10000000149011612,100,0.20000000298023224,28.688135593220338,2.87,5.74,2.87
228,HOBBIES_2_059,WI,0.23000000417232513,3.0791295746785363,1.6578812682819977,7,0,0.10000000149011612,100,0.23000000417232513,21.553907022749755,2.16,4.96,2.8
229,HOBBIES_2_059,WI,0.4699999988079071,3.066666666666667,0.0038788951136988154,7,0,0.10000000149011612,100,0.4699999988079071,21.46666666666667,2.15,10.09,7.9399999999999995
230,HOBBIES_2_060,TX,1.1699999570846558,1.3333333333333333,1.0014844790920205,7,0,0.5849999785423279,100,1.1699999570846558,9.333333333333332,5.46,10.92,5.46
231,HOBBIES_2_060,WI,0.8700000047683716,1.0,0.0,7,0,0.4350000023841858,100,0.8700000047683716,7.0,3.05,6.09,3.04
232,HOBBIES_2_060,WI,1.1699999570846558,2.6666666666666665,0.0,7,0,0.4350000023841858,100,1.1699999570846558,18.666666666666664,8.12,21.84,13.72
233,HOBBIES_2_062,CA,1.4700000286102295,1.0,0.0,7,0,0.7350000143051147,100,1.4700000286102295,7.0,5.15,10.29,5.139999999999999
234,HOBBIES_2_062,CA,5.880000114440918,1.1253369272237197,0.12721271517576516,7,0,0.7350000143051147,100,5.880000114440918,7.877358490566038,5.79,46.32,40.53
235,HOBBIES_2_062,TX,2.880000114440918,1.0,0.0,7,0,1.440000057220459,100,2.880000114440918,7.0,10.08,20.16,10.08
236,HOBBIES_2_062,TX,5.170000076293945,1.4166666666666667,2.158499876791635,7,10,1.440000057220459,100,4.653000068664551,12.057179044485038,17.36,56.1,38.74
237,HOBBIES_2_062,TX,5.880000114440918,1.1237721021611002,0.7289891142745936,7,0,1.440000057220459,100,5.880000114440918,7.866404715127702,11.33,46.25,34.92
238,HOBBIES_2_062,WI,5.170000076293945,1.1333333333333333,0.16039026911271,7,0,2.5850000381469727,100,5.170000076293945,7.933333333333334,20.51,41.02,20.51
239,HOBBIES_2_062,WI,5.880000114440918,1.1118012422360248,0.5521442127628747,7,0,2.5850000381469727,100,5.880000114440918,7.782608695652174,20.12,45.76,25.639999999999997
240,HOBBIES_2_063,CA,0.9700000286102295,1.3574821852731591,0.38919230839232344,7,0,0.48500001430511475,100,0.9700000286102295,9.502375296912113,4.61,9.22,4.61
241,HOBBIES_2_063,TX,0.5,2.25,1.1345660778007876,7,0,0.25,100,0.5,15.75,3.94,7.88,3.94
242,HOBBIES_2_063,TX,0.5699999928474426,1.0,3.968254373727784,7,10,0.25,100,0.5129999935626984,9.777778061609446,2.44,5.02,2.5799999999999996
243,HOBBIES_2_063,TX,0.9700000286102295,1.4518581081081081,0.0,7,0,0.25,100,0.9700000286102295,10.163006756756756,2.54,9.86,7.319999999999999
244,HOBBIES_2_063,WI,0.5,2.3333333333333335,1.5752088193646037,7,0,0.25,100,0.5,16.333333333333336,4.08,8.17,4.09
245,HOBBIES_2_063,WI,0.9700000286102295,1.3233173076923077,0.06535455208415329,7,0,0.25,100,0.9700000286102295,9.263221153846153,2.32,8.99,6.67
246,HOBBIES_2_066,CA,3.9700000286102295,1.0,0.0,7,0,1.9850000143051147,100,3.9700000286102295,7.0,13.9,27.79,13.889999999999999
247,HOBBIES_2_068,CA,1.0,1.0,0.0,7,0,0.5,100,1.0,7.0,3.5,7.0,3.5
248,HOBBIES_2_068,TX,0.9800000190734863,1.0,0.0,7,0,0.49000000953674316,100,0.9800000190734863,7.0,3.43,6.86,3.43
249,HOBBIES_2_069,TX,1.9700000286102295,1.0,0.0,7,0,0.9850000143051147,100,1.9700000286102295,7.0,6.9,13.79,6.889999999999999
250,HOBBIES_2_069,TX,3.1700000762939453,1.1428571428571428,0.0,7,0,0.9850000143051147,100,3.1700000762939453,8.0,7.88,25.36,17.48
251,HOBBIES_2_069,WI,3.1700000762939453,1.2352941176470589,0.0,7,0,1.5850000381469727,100,3.1700000762939453,8.647058823529413,13.71,27.41,13.7
252,HOBBIES_2_070,TX,7.360000133514404,1.0,0.0,7,0,3.680000066757202,100,7.360000133514404,7.0,25.76,51.52,25.76
253,HOBBIES_2_070,WI,5.0,1.0,0.0,7,0,2.5,100,5.0,7.0,17.5,35.0,17.5
254,HOBBIES_2_072,CA,4.46999979019165,1.0,0.0,7,0,2.234999895095825,100,4.46999979019165,7.0,15.64,31.29,15.649999999999999
255,HOBBIES_2_072,CA,7.46999979019165,1.1538461538461537,0.12183673041207463,7,0,2.234999895095825,100,7.46999979019165,8.076923076923077,18.05,60.33,42.28
256,HOBBIES_2_072,CA,7.96999979019165,1.2845528455284554,0.0,7,0,2.234999895095825,100,7.96999979019165,8.991869918699187,20.1,71.67,51.57
257,HOBBIES_2_072,TX,7.46999979019165,1.4047619047619047,0.0,7,0,3.734999895095825,100,7.46999979019165,9.833333333333332,36.73,73.45,36.720000000000006
258,HOBBIES_2_072,TX,7.96999979019165,1.1992337164750957,2.1858444739660774,7,0,3.734999895095825,100,7.96999979019165,8.39463601532567,31.35,66.91,35.559999999999995
259,HOBBIES_2_072,WI,7.46999979019165,1.0961538461538463,0.41611049458540517,7,0,3.734999895095825,100,7.46999979019165,7.673076923076923,28.66,57.32,28.66
260,HOBBIES_2_072,WI,7.96999979019165,1.098360655737705,0.0,7,0,3.734999895095825,100,7.96999979019165,7.688524590163935,28.72,61.28,32.56
261,HOBBIES_2_073,CA,0.5,1.165289256198347,0.0,7,0,0.25,100,0.5,8.157024793388429,2.04,4.08,2.04
262,HOBBIES_2_073,CA,0.5699999928474426,1.2660944206008584,0.0,7,0,0.25,100,0.5699999928474426,8.86266094420601,2.22,5.05,2.8299999999999996
263,HOBBIES_2_073,TX,0.15000000596046448,3.0,1.950798479488624,7,0,0.07500000298023224,100,0.15000000596046448,21.0,1.58,3.15,1.5699999999999998
264,HOBBIES_2_073,TX,0.5,1.2681992337164751,0.0,7,0,0.07500000298023224,100,0.5,8.877394636015326,0.67,4.44,3.7700000000000005
265,HOBBIES_2_073,TX,0.5699999928474426,1.3125,1.35115051803859,7,10,0.07500000298023224,100,0.5129999935626984,10.428869538447954,0.78,5.35,4.569999999999999
266,HOBBIES_2_073,WI,0.5,1.0986842105263157,0.0,7,0,0.25,100,0.5,7.69078947368421,1.92,3.85,1.9300000000000002
267,HOBBIES_2_073,WI,0.5699999928474426,1.1301775147928994,2.30683750917714,7,10,0.25,100,0.5129999935626984,9.736237721757297,2.43,4.99,2.56
268,HOBBIES_2_074,TX,4.170000076293945,1.1428571428571428,1.5717955549493996,7,0,2.0850000381469727,100,4.170000076293945,8.0,16.68,33.36,16.68
269,HOBBIES_2_074,WI,4.170000076293945,1.0833333333333333,2.255681296641305,7,0,2.0850000381469727,100,4.170000076293945,7.583333333333333,15.81,31.62,15.81
270,HOBBIES_2_075,CA,2.5799999237060547,2.5330812854442346,0.9715673247487275,7,0,1.2899999618530273,100,2.5799999237060547,17.731568998109644,22.87,45.75,22.88
271,HOBBIES_2_075,CA,2.7699999809265137,2.4991349480968856,0.18197417445171457,7,0,1.2899999618530273,100,2.7699999809265137,17.4939446366782,22.57,48.46,25.89
272,HOBBIES_2_075,CA,2.880000114440918,2.4312210200927358,0.6843144267828626,7,0,1.2899999618530273,100,2.880000114440918,17.01854714064915,21.95,49.01,27.06
273,HOBBIES_2_075,TX,2.5799999237060547,1.9124087591240877,8.200299854286074,7,10,1.2899999618530273,100,2.321999931335449,24.364489002015087,31.43,56.57,25.14
274,HOBBIES_2_075,TX,2.7699999809265137,2.3325842696629215,0.0,7,0,1.2899999618530273,100,2.7699999809265137,16.328089887640452,21.06,45.23,24.169999999999998
275,HOBBIES_2_075,TX,2.880000114440918,2.6897093479968577,0.0,7,0,1.2899999618530273,100,2.880000114440918,18.827965435978005,24.29,54.22,29.93
276,HOBBIES_2_075,WI,2.0,1.0,0.0,7,0,1.0,100,2.0,7.0,7.0,14.0,7.0
277,HOBBIES_2_075,WI,2.5799999237060547,2.080597014925373,3.3005006854244128,7,10,1.0,100,2.321999931335449,19.371087416174838,19.37,44.98,25.609999999999996
278,HOBBIES_2_075,WI,2.7699999809265137,1.9317211948790896,0.9716327773892991,7,0,1.0,100,2.7699999809265137,13.522048364153626,13.52,37.46,23.94
279,HOBBIES_2_075,WI,2.880000114440918,2.4375,0.0,7,0,1.0,100,2.880000114440918,17.0625,17.06,49.14,32.08
280,HOBBIES_2_076,CA,2.4800000190734863,2.2,3.740803695049278,7,10,1.2400000095367432,100,2.2320000171661376,21.160837690375892,26.24,47.23,20.99
281,HOBBIES_2_076,CA,2.7699999809265137,1.7941712204007285,0.0,7,0,1.2400000095367432,100,2.7699999809265137,12.559198542805099,15.57,34.79,19.22
282,HOBBIES_2_076,CA,2.880000114440918,1.4477911646586346,4.8615588296243715,7,10,1.2400000095367432,100,2.5920001029968263,15.061503496609278,18.68,39.04,20.36
283,HOBBIES_2_076,TX,2.7699999809265137,1.699410609037328,0.0,7,0,1.3849999904632568,100,2.7699999809265137,11.895874263261296,16.48,32.95,16.470000000000002
284,HOBBIES_2_076,TX,2.880000114440918,1.6483870967741936,0.7560640339674142,7,0,1.3849999904632568,100,2.880000114440918,11.538709677419355,15.98,33.23,17.249999999999996
285,HOBBIES_2_076,WI,2.5799999237060547,1.696969696969697,0.0,7,0,1.2899999618530273,100,2.5799999237060547,11.878787878787879,15.32,30.65,15.329999999999998
286,HOBBIES_2_076,WI,2.7699999809265137,1.6993006993006994,0.0,7,0,1.2899999618530273,100,2.7699999809265137,11.895104895104895,15.34,32.95,17.610000000000003
287,HOBBIES_2_076,WI,2.880000114440918,1.5734126984126984,1.8655232010232041,7,0,1.2899999618530273,100,2.880000114440918,11.01388888888889,14.21,31.72,17.509999999999998
288,HOBBIES_2_077,TX,2.7899999618530273,1.0,0.0,7,0,1.3949999809265137,100,2.7899999618530273,7.0,9.76,19.53,9.770000000000001
289,HOBBIES_2_077,TX,2.9700000286102295,1.0,-0.0,7,0,1.3949999809265137,100,2.9700000286102295,7.0,9.76,20.79,11.03
290,HOBBIES_2_077,WI,7.0,1.0,0.0,7,0,3.5,100,7.0,7.0,24.5,49.0,24.5
291,HOBBIES_2_078,CA,5.880000114440918,1.2391304347826086,0.0,7,0,2.940000057220459,100,5.880000114440918,8.67391304347826,25.5,51.0,25.5
292,HOBBIES_2_078,CA,5.96999979019165,1.3333333333333333,0.709999970027379,7,0,2.940000057220459,100,5.96999979019165,9.333333333333332,27.44,55.72,28.279999999999998
293,HOBBIES_2_078,CA,6.96999979019165,1.3,0.0,7,0,2.940000057220459,100,6.96999979019165,9.1,26.75,63.43,36.68
294,HOBBIES_2_078,CA,7.670000076293945,1.0,2.2978011894829065,7,10,2.940000057220459,100,6.903000068664551,8.608460832638034,25.31,59.42,34.11
295,HOBBIES_2_078,TX,5.170000076293945,2.0454545454545454,1.3513906122422679,7,0,2.5850000381469727,100,5.170000076293945,14.318181818181818,37.01,74.03,37.02
296,HOBBIES_2_078,TX,5.880000114440918,1.9770992366412214,18.888989959836415,7,30,2.5850000381469727,100,4.116000080108642,92.26505068057276,238.51,379.76,141.25
297,HOBBIES_2_078,TX,5.96999979019165,1.538888888888889,0.17751692145224313,7,0,2.5850000381469727,100,5.96999979019165,10.772222222222222,27.85,64.31,36.46
298,HOBBIES_2_078,TX,6.96999979019165,1.5162790697674418,1.2573435961902166,7,0,2.5850000381469727,100,6.96999979019165,10.613953488372092,27.44,73.98,46.540000000000006
299,HOBBIES_2_078,WI,5.170000076293945,1.125,0.0,7,0,2.5850000381469727,100,5.170000076293945,7.875,20.36,40.71,20.35
300,HOBBIES_2_078,WI,5.880000114440918,1.1904761904761905,0.0,7,0,2.5850000381469727,100,5.880000114440918,8.333333333333334,21.54,49.0,27.46
301,HOBBIES_2_078,WI,5.96999979019165,1.2237442922374429,0.3267457023158359,7,0,2.5850000381469727,100,5.96999979019165,8.5662100456621,22.14,51.14,29.0
302,HOBBIES_2_078,WI,6.96999979019165,1.2375478927203065,0.0,7,0,2.5850000381469727,100,6.96999979019165,8.662835249042146,22.39,60.38,37.99
303,HOBBIES_2_079,CA,1.5,2.5,2.9642105012618845,7,10,0.75,100,1.35,22.687368377208294,17.02,30.63,13.61
304,HOBBIES_2_079,CA,2.4700000286102295,1.155223880597015,0.0,7,0,0.75,100,2.4700000286102295,8.086567164179105,6.06,19.97,13.91
305,HOBBIES_2_079,TX,2.4700000286102295,1.154228855721393,0.0,7,0,1.2350000143051147,100,2.4700000286102295,8.079601990049753,9.98,19.96,9.98
306,HOBBIES_2_079,WI,2.4700000286102295,1.1453488372093024,0.0,7,0,1.2350000143051147,100,2.4700000286102295,8.017441860465116,9.9,19.8,9.9
307,HOBBIES_2_080,CA,3.9700000286102295,1.063953488372093,0.0,7,0,1.9850000143051147,100,3.9700000286102295,7.447674418604651,14.78,29.57,14.790000000000001
308,HOBBIES_2_080,TX,0.25,1.0,0.0,7,0,0.125,100,0.25,7.0,0.88,1.75,0.87
309,HOBBIES_2_080,TX,2.0,3.0,3.6000000000000005,7,30,0.125,100,1.4,43.68,5.46,61.15,55.69
310,HOBBIES_2_080,TX,3.9700000286102295,1.1074626865671642,0.6404525502360724,7,0,0.125,100,3.9700000286102295,7.7522388059701495,0.97,30.78,29.810000000000002
311,HOBBIES_2_080,WI,3.9700000286102295,1.043010752688172,0.0,7,0,1.9850000143051147,100,3.9700000286102295,7.301075268817204,14.49,28.99,14.499999999999998
312,HOBBIES_2_081,CA,1.9700000286102295,1.26578073089701,0.1760555743739094,7,0,0.9850000143051147,100,1.9700000286102295,8.86046511627907,8.73,17.46,8.73
313,HOBBIES_2_081,TX,2.4700000286102295,1.0769230769230769,0.0,7,0,1.2350000143051147,100,2.4700000286102295,7.538461538461538,9.31,18.62,9.31
314,HOBBIES_2_081,TX,2.7699999809265137,1.625,0.0,7,0,1.2350000143051147,100,2.7699999809265137,11.375,14.05,31.51,17.46
315,HOBBIES_2_081,WI,1.9700000286102295,1.4495677233429394,1.159995744037251,7,0,0.9850000143051147,100,1.9700000286102295,10.146974063400576,9.99,19.99,9.999999999999998
316,HOBBIES_2_083,CA,2.5799999237060547,2.222560975609756,0.302439315144886,7,0,1.2899999618530273,100,2.5799999237060547,15.557926829268293,20.07,40.14,20.07
317,HOBBIES_2_083,CA,2.7699999809265137,1.8,2.58167555941363,7,10,1.2899999618530273,100,2.4929999828338625,15.85291120486117,20.45,39.52,19.070000000000004
318,HOBBIES_2_083,CA,2.880000114440918,1.6064516129032258,2.707719079956172,7,10,1.2899999618530273,100,2.5920001029968263,14.290035068621682,18.43,37.04,18.61
319,HOBBIES_2_083,TX,0.8899999856948853,2.0,0.31482996771597693,7,0,0.4449999928474426,100,0.8899999856948853,14.0,6.23,12.46,6.23
320,HOBBIES_2_083,TX,2.5799999237060547,1.5737704918032787,0.0,7,0,0.4449999928474426,100,2.5799999237060547,11.01639344262295,4.9,28.42,23.520000000000003
321,HOBBIES_2_083,TX,2.7699999809265137,1.647887323943662,0.0,7,0,0.4449999928474426,100,2.7699999809265137,11.535211267605634,5.13,31.95,26.82
322,HOBBIES_2_083,TX,2.880000114440918,1.4088235294117648,0.13219774279568144,7,0,0.4449999928474426,100,2.880000114440918,9.861764705882354,4.39,28.4,24.009999999999998
323,HOBBIES_2_083,WI,2.5799999237060547,1.8511904761904763,0.0,7,0,1.2899999618530273,100,2.5799999237060547,12.958333333333334,16.72,33.43,16.71
324,HOBBIES_2_083,WI,2.7699999809265137,1.6219839142091153,1.6812871783367995,7,0,1.2899999618530273,100,2.7699999809265137,11.353887399463806,14.65,31.45,16.799999999999997
325,HOBBIES_2_083,WI,2.880000114440918,1.5286458333333333,1.4491017404157494,7,0,1.2899999618530273,100,2.880000114440918,10.700520833333332,13.8,30.82,17.02
326,HOBBIES_2_084,CA,5.96999979019165,1.185,0.0,7,0,2.984999895095825,100,5.96999979019165,8.295,24.76,49.52,24.76
327,HOBBIES_2_084,TX,5.96999979019165,1.150943396226415,0.7932988196992315,7,0,2.984999895095825,100,5.96999979019165,8.056603773584905,24.05,48.1,24.05
328,HOBBIES_2_084,WI,5.070000171661377,3.0,9.697163709608205,7,10,2.5350000858306885,100,4.563000154495239,41.36404379017722,104.86,188.74,83.88000000000001
329,HOBBIES_2_084,WI,5.96999979019165,1.2185792349726776,0.06746916268413562,7,0,2.5350000858306885,100,5.96999979019165,8.530054644808743,21.62,50.92,29.3
330,HOBBIES_2_085,TX,1.1699999570846558,1.2758620689655173,1.7754223480207756,7,0,0.5849999785423279,100,1.1699999570846558,8.931034482758621,5.22,10.45,5.2299999999999995
331,HOBBIES_2_085,WI,1.1699999570846558,1.3333333333333333,0.34343709322871574,7,0,0.5849999785423279,100,1.1699999570846558,9.333333333333332,5.46,10.92,5.46
332,HOBBIES_2_088,CA,2.7699999809265137,1.3394736842105264,0.0,7,0,1.3849999904632568,100,2.7699999809265137,9.376315789473685,12.99,25.97,12.979999999999999
333,HOBBIES_2_088,TX,2.7699999809265137,1.3162486368593238,2.462872347329991,7,0,1.3849999904632568,100,2.7699999809265137,9.213740458015266,12.76,25.52,12.76
334,HOBBIES_2_088,TX,3.1700000762939453,1.3636363636363635,0.0,7,0,1.3849999904632568,100,3.1700000762939453,9.545454545454545,13.22,30.26,17.04
335,HOBBIES_2_088,WI,2.7699999809265137,1.2080291970802919,1.4773823623550317,7,0,1.3849999904632568,100,2.7699999809265137,8.456204379562044,11.71,23.42,11.71
336,HOBBIES_2_088,WI,3.1700000762939453,1.3333333333333333,0.0,7,0,1.3849999904632568,100,3.1700000762939453,9.333333333333332,12.93,29.59,16.66
337,HOBBIES_2_089,TX,1.0,1.0,0.0,7,0,0.5,100,1.0,7.0,3.5,7.0,3.5
338,HOBBIES_2_090,CA,1.7699999809265137,1.421875,0.04019985375316085,7,0,0.8849999904632568,100,1.7699999809265137,9.953125,8.81,17.62,8.81
339,HOBBIES_2_090,TX,1.7699999809265137,1.2340425531914894,1.046920138591294,7,0,0.8849999904632568,100,1.7699999809265137,8.638297872340425,7.64,15.29,7.6499999999999995
340,HOBBIES_2_090,WI,1.7699999809265137,1.1764705882352942,0.39746850985520593,7,0,0.8849999904632568,100,1.7699999809265137,8.23529411764706,7.29,14.58,7.29
341,HOBBIES_2_094,CA,1.9700000286102295,1.2904656319290466,1.0099068853120325,7,0,0.9850000143051147,100,1.9700000286102295,9.033259423503326,8.9,17.8,8.9
342,HOBBIES_2_094,TX,1.9700000286102295,1.484790874524715,1.0612547651443187,7,0,0.9850000143051147,100,1.9700000286102295,10.393536121673005,10.24,20.48,10.24
343,HOBBIES_2_094,TX,2.7699999809265137,1.0,0.8040173451312488,7,0,0.9850000143051147,100,2.7699999809265137,7.0,6.9,19.39,12.49
344,HOBBIES_2_094,WI,1.9700000286102295,1.2268370607028753,0.3124984061756073,7,0,0.9850000143051147,100,1.9700000286102295,8.587859424920127,8.46,16.92,8.46
345,HOBBIES_2_096,CA,2.7699999809265137,1.2729528535980148,0.05331760678429402,7,0,1.3849999904632568,100,2.7699999809265137,8.910669975186103,12.34,24.68,12.34
346,HOBBIES_2_096,TX,1.9700000286102295,1.0,0.0,7,0,0.9850000143051147,100,1.9700000286102295,7.0,6.9,13.79,6.889999999999999
347,HOBBIES_2_096,TX,2.569999933242798,1.2916666666666667,0.0,7,0,0.9850000143051147,100,2.569999933242798,9.041666666666668,8.91,23.24,14.329999999999998
348,HOBBIES_2_096,TX,2.7699999809265137,1.3431818181818183,0.0,7,0,0.9850000143051147,100,2.7699999809265137,9.402272727272727,9.26,26.04,16.78
349,HOBBIES_2_096,WI,2.0,1.0,0.0,7,0,1.0,100,2.0,7.0,7.0,14.0,7.0
350,HOBBIES_2_096,WI,2.569999933242798,1.3636363636363635,1.7495797095573111,7,0,1.0,100,2.569999933242798,9.545454545454545,9.55,24.53,14.98
351,HOBBIES_2_096,WI,2.7699999809265137,1.2106969205834683,0.0,7,0,1.0,100,2.7699999809265137,8.474878444084279,8.47,23.48,15.01
352,HOBBIES_2_097,CA,1.0,1.0,0.0,7,0,0.5,100,1.0,7.0,3.5,7.0,3.5
353,HOBBIES_2_097,TX,0.9800000190734863,3.0,1.3007900075398198,7,0,0.49000000953674316,100,0.9800000190734863,21.0,10.29,20.58,10.29
354,HOBBIES_2_098,CA,0.8799999952316284,1.7700892857142858,0.0,7,0,0.4399999976158142,100,0.8799999952316284,12.390625,5.45,10.9,5.45
355,HOBBIES_2_098,CA,0.9700000286102295,1.9333333333333333,0.0,7,0,0.4399999976158142,100,0.9700000286102295,13.533333333333333,5.95,13.13,7.180000000000001
356,HOBBIES_2_098,TX,0.8799999952316284,1.6080870917573873,0.22045097675685274,7,0,0.4399999976158142,100,0.8799999952316284,11.256609642301711,4.95,9.91,4.96
357,HOBBIES_2_098,TX,1.0,1.0,0.0,7,0,0.4399999976158142,100,1.0,7.0,3.08,7.0,3.92
358,HOBBIES_2_098,TX,1.1699999570846558,1.4615384615384615,0.27653934296524746,7,0,0.4399999976158142,100,1.1699999570846558,10.23076923076923,4.5,11.97,7.470000000000001
359,HOBBIES_2_098,WI,0.7699999809265137,1.5333333333333334,0.0,7,0,0.38499999046325684,100,0.7699999809265137,10.733333333333334,4.13,8.26,4.13
360,HOBBIES_2_098,WI,0.8799999952316284,1.6445993031358885,0.0,7,0,0.38499999046325684,100,0.8799999952316284,11.512195121951219,4.43,10.13,5.700000000000001
361,HOBBIES_2_098,WI,1.1699999570846558,1.411764705882353,0.4296077827218077,7,0,0.38499999046325684,100,1.1699999570846558,9.882352941176471,3.8,11.56,7.760000000000001
362,HOBBIES_2_100,CA,0.8799999952316284,1.3867403314917126,0.0,7,0,0.4399999976158142,100,0.8799999952316284,9.707182320441989,4.27,8.54,4.27
363,HOBBIES_2_100,CA,0.9700000286102295,1.3170731707317074,0.4912165201549107,7,0,0.4399999976158142,100,0.9700000286102295,9.219512195121952,4.06,8.94,4.88
364,HOBBIES_2_100,TX,0.8799999952316284,1.4801762114537445,0.1544402009115007,7,0,0.4399999976158142,100,0.8799999952316284,10.36123348017621,4.56,9.12,4.56
365,HOBBIES_2_100,TX,1.1699999570846558,1.1428571428571428,0.6915318723456985,7,0,0.4399999976158142,100,1.1699999570846558,8.0,3.52,9.36,5.84
366,HOBBIES_2_100,WI,0.7699999809265137,1.2808219178082192,0.5655776830317762,7,0,0.38499999046325684,100,0.7699999809265137,8.965753424657535,3.45,6.9,3.45
367,HOBBIES_2_100,WI,0.8799999952316284,1.3306666666666667,0.0,7,0,0.38499999046325684,100,0.8799999952316284,9.314666666666668,3.59,8.2,4.609999999999999
368,HOBBIES_2_100,WI,1.1699999570846558,1.1875,0.32648058847810685,7,0,0.38499999046325684,100,1.1699999570846558,8.3125,3.2,9.73,6.53
369,HOBBIES_2_101,CA,0.5,1.2458233890214798,0.44543676310631675,7,0,0.25,100,0.5,8.720763723150359,2.18,4.36,2.18
370,HOBBIES_2_101,CA,0.5699999928474426,1.1812080536912752,0.0,7,0,0.25,100,0.5699999928474426,8.268456375838927,2.07,4.71,2.64
371,HOBBIES_2_101,TX,0.5,1.3076923076923077,0.44035967982953905,7,0,0.25,100,0.5,9.153846153846153,2.29,4.58,2.29
372,HOBBIES_2_101,TX,0.5699999928474426,1.2406015037593985,0.0,7,0,0.25,100,0.5699999928474426,8.68421052631579,2.17,4.95,2.7800000000000002
373,HOBBIES_2_101,WI,0.5,1.2758620689655173,0.0,7,0,0.25,100,0.5,8.931034482758621,2.23,4.47,2.2399999999999998
374,HOBBIES_2_101,WI,0.5699999928474426,1.3458333333333334,0.0,7,0,0.25,100,0.5699999928474426,9.420833333333334,2.36,5.37,3.0100000000000002
375,HOBBIES_2_102,CA,4.96999979019165,2.0,3.3899998808625953,7,10,2.484999895095825,100,4.472999811172485,18.745999833207634,46.58,83.85,37.269999999999996
376,HOBBIES_2_102,TX,6.170000076293945,1.4285714285714286,0.0,7,0,3.0850000381469727,100,6.170000076293945,10.0,30.85,61.7,30.85
377,HOBBIES_2_102,WI,6.170000076293945,1.0,7.255946043984559,7,10,3.0850000381469727,100,5.553000068664551,12.079162230789187,37.26,67.08,29.82
378,HOBBIES_2_103,CA,2.5,1.4565217391304348,0.6296709231371534,7,0,1.25,100,2.5,10.195652173913043,12.74,25.49,12.749999999999998
379,HOBBIES_2_103,CA,2.9700000286102295,1.324538258575198,0.0,7,0,1.25,100,2.9700000286102295,9.271767810026386,11.59,27.54,15.95
380,HOBBIES_2_103,TX,1.0,1.0,0.0,7,0,0.5,100,1.0,7.0,3.5,7.0,3.5
381,HOBBIES_2_103,TX,2.5,1.5458015267175573,0.7644517705012404,7,0,0.5,100,2.5,10.820610687022901,5.41,27.05,21.64
382,HOBBIES_2_103,TX,2.9700000286102295,1.3789808917197452,0.13063743698731953,7,0,0.5,100,2.9700000286102295,9.652866242038217,4.83,28.67,23.840000000000003
383,HOBBIES_2_103,WI,1.9700000286102295,1.0,0.0,7,0,0.9850000143051147,100,1.9700000286102295,7.0,6.9,13.79,6.889999999999999
384,HOBBIES_2_103,WI,2.5,1.2196531791907514,0.0,7,0,0.9850000143051147,100,2.5,8.53757225433526,8.41,21.34,12.93
385,HOBBIES_2_103,WI,2.9700000286102295,1.2797202797202798,0.0,7,0,0.9850000143051147,100,2.9700000286102295,8.958041958041958,8.82,26.61,17.79
386,HOBBIES_2_104,TX,0.9700000286102295,1.0,0.0,7,0,0.48500001430511475,100,0.9700000286102295,7.0,3.4,6.79,3.39
387,HOBBIES_2_105,CA,1.9900000095367432,1.0,0.0,7,0,0.9950000047683716,100,1.9900000095367432,7.0,6.97,13.93,6.96
388,HOBBIES_2_105,CA,2.7699999809265137,1.2167832167832169,0.4099104949063117,7,0,0.9950000047683716,100,2.7699999809265137,8.517482517482518,8.47,23.59,15.12
389,HOBBIES_2_105,TX,2.7699999809265137,1.2355769230769231,0.0,7,0,1.3849999904632568,100,2.7699999809265137,8.649038461538462,11.98,23.96,11.98
390,HOBBIES_2_105,WI,2.7699999809265137,1.2108433734939759,0.0,7,0,1.3849999904632568,100,2.7699999809265137,8.475903614457831,11.74,23.48,11.74
391,HOBBIES_2_106,WI,0.5699999928474426,1.0,0.0,7,0,0.2849999964237213,100,0.5699999928474426,7.0,1.99,3.99,2.0
392,HOBBIES_2_107,CA,0.5,1.6703470031545742,2.0159504436662274,7,0,0.25,100,0.5,11.692429022082019,2.92,5.85,2.9299999999999997
393,HOBBIES_2_107,CA,0.5699999928474426,1.338877338877339,0.0,7,0,0.25,100,0.5699999928474426,9.372141372141373,2.34,5.34,3.0
394,HOBBIES_2_107,TX,0.5,1.7013698630136986,2.2095913896352664,7,0,0.25,100,0.5,11.90958904109589,2.98,5.95,2.97
395,HOBBIES_2_107,TX,0.5699999928474426,1.338235294117647,0.0,7,0,0.25,100,0.5699999928474426,9.367647058823529,2.34,5.34,3.0
396,HOBBIES_2_107,WI,0.5,1.4434306569343065,0.4595829239788004,7,0,0.25,100,0.5,10.104014598540145,2.53,5.05,2.52
397,HOBBIES_2_107,WI,0.5699999928474426,1.3663157894736842,0.0,7,0,0.25,100,0.5699999928474426,9.564210526315788,2.39,5.45,3.06
398,HOBBIES_2_110,TX,4.5,2.0,1.5106971949614914,7,0,2.25,100,4.5,14.0,31.5,63.0,31.5
399,HOBBIES_2_112,CA,0.9700000286102295,1.0,0.0,7,0,0.48500001430511475,100,0.9700000286102295,7.0,3.4,6.79,3.39
400,HOBBIES_2_112,CA,2.4700000286102295,1.268251273344652,0.0,7,0,0.48500001430511475,100,2.4700000286102295,8.877758913412563,4.31,21.93,17.62
401,HOBBIES_2_112,TX,2.1700000762939453,1.6666666666666667,1.5545457196402814,7,0,1.0850000381469727,100,2.1700000762939453,11.666666666666668,12.66,25.32,12.66
402,HOBBIES_2_112,TX,2.4700000286102295,1.4019607843137254,0.0,7,0,1.0850000381469727,100,2.4700000286102295,9.813725490196077,10.65,24.24,13.589999999999998
403,HOBBIES_2_112,WI,0.5899999737739563,4.0,2.807172901973154,7,10,0.29499998688697815,100,0.5309999763965607,35.86008412552482,10.58,19.04,8.459999999999999
404,HOBBIES_2_112,WI,2.1700000762939453,1.25,0.25672465547480133,7,0,0.29499998688697815,100,2.1700000762939453,8.75,2.58,18.99,16.409999999999997
405,HOBBIES_2_112,WI,2.4700000286102295,1.2752525252525253,0.0,7,0,0.29499998688697815,100,2.4700000286102295,8.926767676767676,2.63,22.05,19.42
406,HOBBIES_2_113,CA,5.460000038146973,1.0,0.8068177394833784,7,0,2.7300000190734863,100,5.460000038146973,7.0,19.11,38.22,19.11
407,HOBBIES_2_113,CA,5.769999980926514,1.1965317919075145,0.0,7,0,2.7300000190734863,100,5.769999980926514,8.375722543352602,22.87,48.33,25.459999999999997
408,HOBBIES_2_113,CA,5.96999979019165,1.238888888888889,0.0,7,0,2.7300000190734863,100,5.96999979019165,8.672222222222222,23.68,51.77,28.090000000000003
409,HOBBIES_2_113,TX,0.9700000286102295,1.0,0.0,7,0,0.48500001430511475,100,0.9700000286102295,7.0,3.4,6.79,3.39
410,HOBBIES_2_113,TX,3.9800000190734863,1.0,0.0,7,0,0.48500001430511475,100,3.9800000190734863,7.0,3.4,27.86,24.46
411,HOBBIES_2_113,TX,5.460000038146973,1.0,-0.0,7,0,0.48500001430511475,100,5.460000038146973,7.0,3.4,38.22,34.82
412,HOBBIES_2_113,TX,5.769999980926514,1.2424242424242424,0.0,7,0,0.48500001430511475,100,5.769999980926514,8.696969696969697,4.22,50.18,45.96
413,HOBBIES_2_113,TX,5.96999979019165,1.2486187845303867,0.0,7,0,0.48500001430511475,100,5.96999979019165,8.740331491712707,4.24,52.18,47.94
414,HOBBIES_2_113,WI,5.460000038146973,1.0,1.1879015366396215,7,0,2.7300000190734863,100,5.460000038146973,7.0,19.11,38.22,19.11
415,HOBBIES_2_113,WI,5.769999980926514,1.183206106870229,0.0,7,0,2.7300000190734863,100,5.769999980926514,8.282442748091604,22.61,47.79,25.18
416,HOBBIES_2_113,WI,5.96999979019165,1.1859154929577465,0.0,7,0,2.7300000190734863,100,5.96999979019165,8.301408450704225,22.66,49.56,26.900000000000002
417,HOBBIES_2_114,CA,1.0,1.0,0.0,7,0,0.5,100,1.0,7.0,3.5,7.0,3.5
418,HOBBIES_2_114,CA,1.9700000286102295,1.3552894211576847,0.0,7,0,0.5,100,1.9700000286102295,9.487025948103792,4.74,18.69,13.950000000000001
419,HOBBIES_2_114,CA,2.7699999809265137,1.0,0.6455449668512284,7,0,0.5,100,2.7699999809265137,7.0,3.5,19.39,15.89
420,HOBBIES_2_114,CA,4.96999979019165,1.0,-0.0,7,0,0.5,100,4.96999979019165,7.0,3.5,34.79,31.29
421,HOBBIES_2_114,TX,1.9700000286102295,1.6635220125786163,1.634239012640227,7,0,0.9850000143051147,100,1.9700000286102295,11.644654088050315,11.47,22.94,11.47
422,HOBBIES_2_114,TX,2.4700000286102295,1.25,0.0,7,0,0.9850000143051147,100,2.4700000286102295,8.75,8.62,21.61,12.99
423,HOBBIES_2_114,WI,1.9700000286102295,1.425414364640884,0.0,7,0,0.9850000143051147,100,1.9700000286102295,9.977900552486187,9.83,19.66,9.83
424,HOBBIES_2_114,WI,2.4700000286102295,1.0909090909090908,0.9246088929206577,7,0,0.9850000143051147,100,2.4700000286102295,7.636363636363636,7.52,18.86,11.34
425,HOBBIES_2_115,CA,2.4700000286102295,1.5817860300618922,0.7990630279114642,7,0,1.2350000143051147,100,2.4700000286102295,11.072502210433246,13.67,27.35,13.680000000000001
426,HOBBIES_2_115,TX,0.5,7.0,0.7999999999999998,7,0,0.25,100,0.5,49.0,12.25,24.5,12.25
427,HOBBIES_2_115,TX,1.0,5.0,2.744630990093322,7,10,0.25,100,0.9,44.606208465326624,11.15,40.15,29.0
428,HOBBIES_2_115,TX,2.9700000286102295,1.7727272727272727,0.17509281791056738,7,0,0.25,100,2.9700000286102295,12.409090909090908,3.1,36.86,33.76
429,HOBBIES_2_115,TX,3.1700000762939453,1.5217391304347827,0.14655593132762423,7,0,0.25,100,3.1700000762939453,10.652173913043478,2.66,33.77,31.110000000000003
430,HOBBIES_2_115,WI,2.4700000286102295,1.4545454545454546,0.0,7,0,1.2350000143051147,100,2.4700000286102295,10.181818181818182,12.57,25.15,12.579999999999998
431,HOBBIES_2_115,WI,3.1700000762939453,1.1923076923076923,0.6361606783194134,7,0,1.2350000143051147,100,3.1700000762939453,8.346153846153847,10.31,26.46,16.15
432,HOBBIES_2_116,TX,3.1700000762939453,1.2727272727272727,1.663342218478518,7,0,1.5850000381469727,100,3.1700000762939453,8.909090909090908,14.12,28.24,14.12
433,HOBBIES_2_116,WI,0.9700000286102295,1.0,0.0,7,0,0.48500001430511475,100,0.9700000286102295,7.0,3.4,6.79,3.39
434,HOBBIES_2_116,WI,3.1700000762939453,1.1666666666666667,0.5770724068343017,7,0,0.48500001430511475,100,3.1700000762939453,8.166666666666668,3.96,25.89,21.93
435,HOBBIES_2_117,CA,2.5799999237060547,1.5048076923076923,9.25032940576557,7,10,1.2899999618530273,100,2.321999931335449,20.277630638477103,26.16,47.08,20.919999999999998
436,HOBBIES_2_117,CA,2.7699999809265137,1.6133567662565904,0.0,7,0,1.2899999618530273,100,2.7699999809265137,11.293497363796133,14.57,31.28,16.71
437,HOBBIES_2_117,CA,2.880000114440918,1.7642369020501139,0.0,7,0,1.2899999618530273,100,2.880000114440918,12.349658314350798,15.93,35.57,19.64
438,HOBBIES_2_117,TX,2.5799999237060547,1.5235602094240839,5.907859082751666,7,10,1.2899999618530273,100,2.321999931335449,16.965606780924166,21.89,39.39,17.5
439,HOBBIES_2_117,TX,2.7699999809265137,1.5954415954415955,0.0,7,0,1.2899999618530273,100,2.7699999809265137,11.168091168091168,14.41,30.94,16.53
440,HOBBIES_2_117,TX,2.880000114440918,1.5221238938053097,1.157216148640437,7,0,1.2899999618530273,100,2.880000114440918,10.654867256637168,13.74,30.69,16.950000000000003
441,HOBBIES_2_117,WI,2.5799999237060547,1.719298245614035,0.0,7,0,1.2899999618530273,100,2.5799999237060547,12.035087719298247,15.53,31.05,15.520000000000001
442,HOBBIES_2_117,WI,2.7699999809265137,1.4959785522788205,1.7637692395377493,7,0,1.2899999618530273,100,2.7699999809265137,10.471849865951743,13.51,29.01,15.500000000000002
443,HOBBIES_2_117,WI,2.880000114440918,1.4701754385964911,0.4343434758081773,7,0,1.2899999618530273,100,2.880000114440918,10.291228070175437,13.28,29.64,16.36
444,HOBBIES_2_118,TX,1.9700000286102295,1.0,0.0,7,0,0.9850000143051147,100,1.9700000286102295,7.0,6.9,13.79,6.889999999999999
445,HOBBIES_2_118,TX,2.4700000286102295,2.0,0.0,7,0,0.9850000143051147,100,2.4700000286102295,14.0,13.79,34.58,20.79
446,HOBBIES_2_119,CA,2.4700000286102295,1.0,0.0,7,0,1.2350000143051147,100,2.4700000286102295,7.0,8.65,17.29,8.639999999999999
447,HOBBIES_2_119,CA,2.880000114440918,1.018181818181818,0.1069337606598187,7,0,1.2350000143051147,100,2.880000114440918,7.127272727272727,8.8,20.53,11.73
448,HOBBIES_2_119,CA,2.9700000286102295,1.0490196078431373,0.0,7,0,1.2350000143051147,100,2.9700000286102295,7.343137254901961,9.07,21.81,12.739999999999998
449,HOBBIES_2_119,CA,3.6700000762939453,1.0,0.19826434087416867,7,0,1.2350000143051147,100,3.6700000762939453,7.0,8.65,25.69,17.04
450,HOBBIES_2_119,TX,2.4700000286102295,1.0,0.0,7,0,1.2350000143051147,100,2.4700000286102295,7.0,8.65,17.29,8.639999999999999
451,HOBBIES_2_119,TX,2.880000114440918,1.0,-0.0,7,0,1.2350000143051147,100,2.880000114440918,7.0,8.65,20.16,11.51
452,HOBBIES_2_119,TX,2.9700000286102295,1.009009009009009,0.0,7,0,1.2350000143051147,100,2.9700000286102295,7.063063063063062,8.72,20.98,12.26
453,HOBBIES_2_119,WI,2.4700000286102295,1.0,0.0,7,0,1.2350000143051147,100,2.4700000286102295,7.0,8.65,17.29,8.639999999999999
454,HOBBIES_2_119,WI,2.880000114440918,1.0333333333333334,0.0,7,0,1.2350000143051147,100,2.880000114440918,7.233333333333334,8.93,20.83,11.899999999999999
455,HOBBIES_2_119,WI,2.9700000286102295,1.0185185185185186,0.4587818177659398,7,0,1.2350000143051147,100,2.9700000286102295,7.12962962962963,8.81,21.18,12.37
456,HOBBIES_2_120,CA,1.9700000286102295,1.5113636363636365,0.0,7,0,0.9850000143051147,100,1.9700000286102295,10.579545454545455,10.42,20.84,10.42
457,HOBBIES_2_120,TX,1.25,1.0,0.0,7,0,0.625,100,1.25,7.0,4.38,8.75,4.37
458,HOBBIES_2_120,TX,2.4700000286102295,1.7545592705167172,0.0,7,0,0.625,100,2.4700000286102295,12.28191489361702,7.68,30.34,22.66
459,HOBBIES_2_120,TX,2.569999933242798,1.2307692307692308,0.0,7,0,0.625,100,2.569999933242798,8.615384615384617,5.38,22.14,16.76
460,HOBBIES_2_120,WI,1.9700000286102295,1.5664335664335665,0.5857233934188748,7,0,0.9850000143051147,100,1.9700000286102295,10.965034965034965,10.8,21.6,10.8
461,HOBBIES_2_120,WI,2.569999933242798,1.5454545454545454,0.04397322191369107,7,0,0.9850000143051147,100,2.569999933242798,10.818181818181818,10.66,27.8,17.14
462,HOBBIES_2_122,CA,0.8799999952316284,1.7164750957854407,0.0,7,0,0.4399999976158142,100,0.8799999952316284,12.015325670498084,5.29,10.57,5.28
463,HOBBIES_2_122,CA,0.9700000286102295,1.1111111111111112,3.4484114008032427,7,10,0.4399999976158142,100,0.8730000257492065,10.45987553395808,4.6,9.13,4.530000000000001
464,HOBBIES_2_122,TX,0.8799999952316284,1.8068862275449102,0.0,7,0,0.4399999976158142,100,0.8799999952316284,12.648203592814372,5.57,11.13,5.5600000000000005
465,HOBBIES_2_122,TX,1.1699999570846558,1.8,0.01156472448231505,7,0,0.4399999976158142,100,1.1699999570846558,12.6,5.54,14.74,9.2
466,HOBBIES_2_122,WI,0.7699999809265137,1.5675675675675675,0.33366086395134176,7,0,0.38499999046325684,100,0.7699999809265137,10.972972972972972,4.22,8.45,4.2299999999999995
467,HOBBIES_2_122,WI,0.8799999952316284,1.6505102040816326,0.0,7,0,0.38499999046325684,100,0.8799999952316284,11.553571428571429,4.45,10.17,5.72
468,HOBBIES_2_122,WI,1.1699999570846558,3.4,0.0,7,0,0.38499999046325684,100,1.1699999570846558,23.8,9.16,27.85,18.69
469,HOBBIES_2_123,CA,0.5,1.2729257641921397,0.03346016891468552,7,0,0.25,100,0.5,8.910480349344978,2.23,4.46,2.23
470,HOBBIES_2_123,CA,0.5699999928474426,1.2677165354330708,0.0,7,0,0.25,100,0.5699999928474426,8.874015748031496,2.22,5.06,2.8399999999999994
471,HOBBIES_2_123,TX,0.5,1.4294736842105262,0.8436474920303806,7,0,0.25,100,0.5,10.006315789473684,2.5,5.0,2.5
472,HOBBIES_2_123,TX,0.5699999928474426,1.295275590551181,0.0,7,0,0.25,100,0.5699999928474426,9.066929133858267,2.27,5.17,2.9
473,HOBBIES_2_123,WI,0.5,1.247787610619469,0.6468304715574543,7,0,0.25,100,0.5,8.734513274336283,2.18,4.37,2.19
474,HOBBIES_2_123,WI,0.5699999928474426,1.1559633027522935,0.0,7,0,0.25,100,0.5699999928474426,8.091743119266054,2.02,4.61,2.5900000000000003
475,HOBBIES_2_125,CA,0.5,2.0,1.3491283380299237,7,0,0.25,100,0.5,14.0,3.5,7.0,3.5
476,HOBBIES_2_125,CA,0.9700000286102295,1.2094081942336874,0.0,7,0,0.25,100,0.9700000286102295,8.465857359635812,2.12,8.21,6.090000000000001
477,HOBBIES_2_125,TX,0.5,3.0,2.7913099311644776,7,10,0.25,100,0.45,26.8617508554454,6.72,12.09,5.37
478,HOBBIES_2_125,TX,0.9700000286102295,1.275244299674267,0.0,7,0,0.25,100,0.9700000286102295,8.92671009771987,2.23,8.66,6.43
479,HOBBIES_2_125,WI,0.5,3.5,4.038077520436629,7,10,0.25,100,0.45,34.393289925069745,8.6,15.48,6.880000000000001
480,HOBBIES_2_125,WI,0.9700000286102295,1.183794466403162,0.0,7,0,0.25,100,0.9700000286102295,8.286561264822135,2.07,8.04,5.969999999999999
481,HOBBIES_2_128,CA,4.96999979019165,1.4598540145985401,0.17581317709170266,7,0,2.484999895095825,100,4.96999979019165,10.21897810218978,25.39,50.79,25.4
482,HOBBIES_2_128,TX,3.0,1.0,0.0,7,0,1.5,100,3.0,7.0,10.5,21.0,10.5
483,HOBBIES_2_128,TX,4.96999979019165,1.459244532803181,0.2058417597157869,7,0,1.5,100,4.96999979019165,10.214711729622266,15.32,50.77,35.45
484,HOBBIES_2_128,WI,0.07000000029802322,1.0,0.0,7,0,0.03500000014901161,100,0.07000000029802322,7.0,0.25,0.49,0.24
485,HOBBIES_2_128,WI,4.96999979019165,1.4153005464480874,0.0,7,0,0.03500000014901161,100,4.96999979019165,9.907103825136613,0.35,49.24,48.89
486,HOBBIES_2_129,CA,0.20000000298023224,3.8476190476190477,1.6692064486988065,7,0,0.10000000149011612,100,0.20000000298023224,26.933333333333334,2.69,5.39,2.6999999999999997
487,HOBBIES_2_129,CA,0.23000000417232513,3.0551724137931036,1.3730510641131781,7,0,0.10000000149011612,100,0.23000000417232513,21.386206896551727,2.14,4.92,2.78
488,HOBBIES_2_129,CA,0.3700000047683716,3.033333333333333,0.011743523757575737,7,0,0.10000000149011612,100,0.3700000047683716,21.233333333333334,2.12,7.86,5.74
489,HOBBIES_2_129,TX,0.11999999731779099,10.0,3.737755599358894,7,10,0.05999999865889549,100,0.10799999758601189,96.16428919551224,5.77,10.39,4.620000000000001
490,HOBBIES_2_129,TX,0.1899999976158142,19.0,21.71474272687724,7,0,0.05999999865889549,100,0.1899999976158142,100.0,6.0,19.0,13.0
491,HOBBIES_2_129,TX,0.23000000417232513,3.5872865275142316,2.061868174344041,7,10,0.05999999865889549,100,0.20700000375509262,30.288564038933945,1.82,6.27,4.449999999999999
492,HOBBIES_2_129,TX,0.25,3.0588235294117645,0.6407239543594972,7,0,0.05999999865889549,100,0.25,21.41176470588235,1.28,5.35,4.069999999999999
493,HOBBIES_2_129,TX,0.4699999988079071,3.0,0.5714285618252453,7,0,0.05999999865889549,100,0.4699999988079071,21.0,1.26,9.87,8.61
494,HOBBIES_2_129,WI,0.20000000298023224,3.786363636363636,1.1665397061234635,7,0,0.10000000149011612,100,0.20000000298023224,26.504545454545454,2.65,5.3,2.65
495,HOBBIES_2_129,WI,0.23000000417232513,2.9952267303102627,1.392958103314613,7,0,0.10000000149011612,100,0.23000000417232513,20.966587112171837,2.1,4.82,2.72
496,HOBBIES_2_129,WI,0.4699999988079071,4.1,0.0,7,0,0.10000000149011612,100,0.4699999988079071,28.699999999999996,2.87,13.49,10.620000000000001
497,HOBBIES_2_130,CA,3.5,1.0,0.0,7,0,1.75,100,3.5,7.0,12.25,24.5,12.25
498,HOBBIES_2_130,TX,3.5,1.0,0.0,7,0,1.75,100,3.5,7.0,12.25,24.5,12.25
499,HOBBIES_2_130,TX,4.489999771118164,1.0,-0.0,7,0,1.75,100,4.489999771118164,7.0,12.25,31.43,19.18
500,HOBBIES_2_130,TX,7.46999979019165,2.6440677966101696,0.0,7,0,1.75,100,7.46999979019165,18.508474576271187,32.39,138.26,105.86999999999999
501,HOBBIES_2_130,WI,5.96999979019165,1.0,0.0,7,0,2.984999895095825,100,5.96999979019165,7.0,20.89,41.79,20.9
502,HOBBIES_2_130,WI,7.46999979019165,1.1666666666666667,0.35510662438180063,7,0,2.984999895095825,100,7.46999979019165,8.166666666666668,24.38,61.0,36.620000000000005
503,HOBBIES_2_131,CA,6.269999980926514,1.3669064748201438,3.442426118775791,7,10,3.134999990463257,100,5.642999982833863,12.862177509332227,40.32,72.58,32.26
504,HOBBIES_2_131,CA,6.570000171661377,1.0,5.609996416194584,7,10,3.134999990463257,100,5.913000154495239,10.926997491336211,34.26,64.61,30.35
505,HOBBIES_2_131,TX,5.78000020980835,2.0,4.032462498250407,7,10,2.890000104904175,100,5.2020001888275145,19.64544749755057,56.78,102.2,45.42
506,HOBBIES_2_131,TX,6.269999980926514,1.5207547169811322,3.540423656902202,7,10,2.890000104904175,100,5.642999982833863,14.41416420230985,41.66,81.34,39.68000000000001
507,HOBBIES_2_131,WI,3.880000114440918,4.0,4.84764442560806,7,10,1.940000057220459,100,3.492000102996826,41.57340439170257,80.65,145.17,64.51999999999998
508,HOBBIES_2_131,WI,5.269999980926514,4.0,-0.0,7,0,1.940000057220459,100,5.269999980926514,28.0,54.32,147.56,93.24000000000001
509,HOBBIES_2_131,WI,6.269999980926514,1.4045801526717556,1.3593398434672272,7,0,1.940000057220459,100,6.269999980926514,9.83206106870229,19.07,61.65,42.58
510,HOBBIES_2_132,WI,1.0,1.0,0.0,7,0,0.5,100,1.0,7.0,3.5,7.0,3.5
511,HOBBIES_2_133,CA,2.5799999237060547,1.6927374301675977,0.0,7,0,1.2899999618530273,100,2.5799999237060547,11.849162011173185,15.29,30.57,15.280000000000001
512,HOBBIES_2_133,CA,2.7699999809265137,1.5051546391752577,1.5047673421049583,7,0,1.2899999618530273,100,2.7699999809265137,10.536082474226804,13.59,29.18,15.59
513,HOBBIES_2_133,CA,2.880000114440918,1.6515912897822445,0.0,7,0,1.2899999618530273,100,2.880000114440918,11.561139028475711,14.91,33.3,18.389999999999997
514,HOBBIES_2_133,TX,2.5799999237060547,1.6160714285714286,0.0,7,0,1.2899999618530273,100,2.5799999237060547,11.3125,14.59,29.19,14.600000000000001
515,HOBBIES_2_133,TX,2.7699999809265137,1.5241157556270097,0.7726520054080636,7,0,1.2899999618530273,100,2.7699999809265137,10.668810289389068,13.76,29.55,15.790000000000001
516,HOBBIES_2_133,TX,2.880000114440918,1.5421940928270041,0.0,7,0,1.2899999618530273,100,2.880000114440918,10.79535864978903,13.93,31.09,17.16
517,HOBBIES_2_133,WI,2.5799999237060547,1.8079470198675496,0.0,7,0,1.2899999618530273,100,2.5799999237060547,12.655629139072847,16.33,32.65,16.32
518,HOBBIES_2_133,WI,2.7699999809265137,1.7123745819397993,0.717815655556781,7,0,1.2899999618530273,100,2.7699999809265137,11.986622073578594,15.46,33.2,17.740000000000002
519,HOBBIES_2_133,WI,2.880000114440918,1.574,2.0349048314281073,7,0,1.2899999618530273,100,2.880000114440918,11.018,14.21,31.73,17.52
520,HOBBIES_2_134,CA,4.96999979019165,1.1405405405405404,0.16264108063421268,7,0,2.484999895095825,100,4.96999979019165,7.9837837837837835,19.84,39.68,19.84
521,HOBBIES_2_134,TX,3.9700000286102295,1.0,0.0,7,0,1.9850000143051147,100,3.9700000286102295,7.0,13.9,27.79,13.889999999999999
522,HOBBIES_2_134,TX,4.96999979019165,1.1650943396226414,0.28183421520353175,7,0,1.9850000143051147,100,4.96999979019165,8.15566037735849,16.19,40.53,24.34
523,HOBBIES_2_134,WI,4.96999979019165,1.108695652173913,0.14581111643234648,7,0,2.484999895095825,100,4.96999979019165,7.760869565217392,19.29,38.57,19.28
524,HOBBIES_2_135,CA,0.5,1.3348214285714286,0.707826229623963,7,0,0.25,100,0.5,9.34375,2.34,4.67,2.33
525,HOBBIES_2_135,CA,0.5699999928474426,1.2280701754385965,0.0,7,0,0.25,100,0.5699999928474426,8.596491228070176,2.15,4.9,2.7500000000000004
526,HOBBIES_2_135,TX,0.5,1.212,0.0,7,0,0.25,100,0.5,8.484,2.12,4.24,2.12
527,HOBBIES_2_135,TX,0.5699999928474426,1.3171806167400881,1.1301082412255892,7,0,0.25,100,0.5699999928474426,9.220264317180616,2.31,5.26,2.9499999999999997
528,HOBBIES_2_135,WI,0.5,1.2142857142857142,0.3118900013356835,7,0,0.25,100,0.5,8.5,2.12,4.25,2.13
529,HOBBIES_2_135,WI,0.5699999928474426,1.1694915254237288,0.0,7,0,0.25,100,0.5699999928474426,8.186440677966102,2.05,4.67,2.62
530,HOBBIES_2_136,CA,2.0,1.0,0.0,7,0,1.0,100,2.0,7.0,7.0,14.0,7.0
531,HOBBIES_2_136,CA,2.5799999237060547,1.6486486486486487,0.0,7,0,1.0,100,2.5799999237060547,11.54054054054054,11.54,29.77,18.23
532,HOBBIES_2_136,CA,2.7699999809265137,1.591324200913242,0.4721475384810775,7,0,1.0,100,2.7699999809265137,11.139269406392694,11.14,30.86,19.72
533,HOBBIES_2_136,CA,2.880000114440918,1.5020746887966805,1.4123220411489907,7,0,1.0,100,2.880000114440918,10.514522821576763,10.51,30.28,19.770000000000003
534,HOBBIES_2_136,TX,2.5,1.0,0.0,7,0,1.25,100,2.5,7.0,8.75,17.5,8.75
535,HOBBIES_2_136,TX,2.7699999809265137,1.4005763688760806,1.1113601663376464,7,0,1.25,100,2.7699999809265137,9.804034582132564,12.26,27.16,14.9
536,HOBBIES_2_136,TX,2.880000114440918,1.3861892583120206,0.2586743345115487,7,0,1.25,100,2.880000114440918,9.703324808184144,12.13,27.95,15.819999999999999
537,HOBBIES_2_136,WI,2.3299999237060547,1.0,0.0,7,0,1.1649999618530273,100,2.3299999237060547,7.0,8.15,16.31,8.159999999999998
538,HOBBIES_2_136,WI,2.4700000286102295,3.0,0.0,7,0,1.1649999618530273,100,2.4700000286102295,21.0,24.46,51.87,27.409999999999997
539,HOBBIES_2_136,WI,2.5799999237060547,1.6243654822335025,0.0,7,0,1.1649999618530273,100,2.5799999237060547,11.370558375634518,13.25,29.34,16.09
540,HOBBIES_2_136,WI,2.7699999809265137,1.807799442896936,0.0,7,0,1.1649999618530273,100,2.7699999809265137,12.654596100278551,14.74,35.05,20.309999999999995
541,HOBBIES_2_136,WI,2.880000114440918,1.3172804532577904,6.8326965044002765,7,30,1.1649999618530273,100,2.0160000801086424,28.1221760242121,32.76,56.69,23.93
542,HOBBIES_2_137,TX,1.9700000286102295,2.0,2.137937763785573,7,0,0.9850000143051147,100,1.9700000286102295,14.0,13.79,27.58,13.79
543,HOBBIES_2_138,CA,0.8700000047683716,1.0,0.0,7,0,0.4350000023841858,100,0.8700000047683716,7.0,3.05,6.09,3.04
544,HOBBIES_2_139,CA,4.46999979019165,1.0,0.0,7,0,2.234999895095825,100,4.46999979019165,7.0,15.64,31.29,15.649999999999999
545,HOBBIES_2_140,CA,0.9800000190734863,1.0,0.0,7,0,0.49000000953674316,100,0.9800000190734863,7.0,3.43,6.86,3.43
546,HOBBIES_2_140,CA,2.4700000286102295,1.3485401459854014,0.0,7,0,0.49000000953674316,100,2.4700000286102295,9.43978102189781,4.63,23.32,18.69
547,HOBBIES_2_140,TX,2.4700000286102295,1.6368638239339752,0.0,7,0,1.2350000143051147,100,2.4700000286102295,11.458046767537827,14.15,28.3,14.15
548,HOBBIES_2_140,WI,2.4700000286102295,1.3172413793103448,0.0,7,0,1.2350000143051147,100,2.4700000286102295,9.220689655172414,11.39,22.78,11.39
549,HOBBIES_2_141,CA,0.5,1.4215686274509804,1.8233273552660407,7,0,0.25,100,0.5,9.950980392156863,2.49,4.98,2.49
550,HOBBIES_2_141,CA,0.5699999928474426,1.1614906832298137,0.9381982038298015,7,0,0.25,100,0.5699999928474426,8.130434782608695,2.03,4.63,2.6
551,HOBBIES_2_141,TX,0.5,1.3831521739130435,1.5841157546341724,7,0,0.25,100,0.5,9.682065217391305,2.42,4.84,2.42
552,HOBBIES_2_141,TX,0.5699999928474426,1.1578947368421053,0.0,7,0,0.25,100,0.5699999928474426,8.105263157894736,2.03,4.62,2.5900000000000003
553,HOBBIES_2_141,WI,0.5,1.2024291497975708,0.009099498602878212,7,0,0.25,100,0.5,8.417004048582996,2.1,4.21,2.11
554,HOBBIES_2_141,WI,0.5699999928474426,1.201086956521739,1.7916293769627012,7,0,0.25,100,0.5699999928474426,8.407608695652174,2.1,4.79,2.69
555,HOBBIES_2_142,CA,0.20000000298023224,4.231083844580777,0.6074605531217526,7,0,0.10000000149011612,100,0.20000000298023224,29.617586912065438,2.96,5.92,2.96
556,HOBBIES_2_142,CA,0.23000000417232513,3.8400200601805414,0.6161758847187442,7,0,0.10000000149011612,100,0.23000000417232513,26.88014042126379,2.69,6.18,3.4899999999999998
557,HOBBIES_2_142,CA,0.3700000047683716,2.6440677966101696,0.5116584588642845,7,0,0.10000000149011612,100,0.3700000047683716,18.508474576271187,1.85,6.85,5.0
558,HOBBIES_2_142,TX,0.23000000417232513,4.758188153310105,1.6080878071749451,7,0,0.11500000208616257,100,0.23000000417232513,33.307317073170736,3.83,7.66,3.83
559,HOBBIES_2_142,TX,0.25,6.506849315068493,0.0,7,0,0.11500000208616257,100,0.25,45.54794520547945,5.24,11.39,6.15
560,HOBBIES_2_142,TX,0.4699999988079071,4.09375,0.4214264376902416,7,0,0.11500000208616257,100,0.4699999988079071,28.65625,3.3,13.47,10.170000000000002
561,HOBBIES_2_142,WI,0.20000000298023224,4.036290322580645,0.9555255364605115,7,0,0.10000000149011612,100,0.20000000298023224,28.254032258064516,2.83,5.65,2.8200000000000003
562,HOBBIES_2_142,WI,0.23000000417232513,3.6609829488465397,0.6198882875423585,7,0,0.10000000149011612,100,0.23000000417232513,25.62688064192578,2.56,5.89,3.3299999999999996
563,HOBBIES_2_142,WI,0.4699999988079071,3.125,0.14030394403739174,7,0,0.10000000149011612,100,0.4699999988079071,21.875,2.19,10.28,8.09
564,HOBBIES_2_143,CA,0.9700000286102295,2.1074380165289255,3.168580742649925,7,10,0.48500001430511475,100,0.8730000257492065,19.426377376553813,9.42,16.96,7.540000000000001
565,HOBBIES_2_143,CA,1.1699999570846558,2.341463414634146,10.428452641596293,7,30,0.48500001430511475,100,0.8189999699592589,67.66770859867837,32.82,55.42,22.6
566,HOBBIES_2_143,CA,1.2200000286102295,1.2777777777777777,10.630192736806931,7,30,0.48500001430511475,100,0.8540000200271606,37.46879495487637,18.17,32.0,13.829999999999998
567,HOBBIES_2_143,TX,0.5699999928474426,6.0,11.627906783327278,7,10,0.2849999964237213,100,0.5129999935626984,90.8372084899745,25.89,46.6,20.71
568,HOBBIES_2_143,TX,0.9700000286102295,2.097902097902098,0.0,7,0,0.2849999964237213,100,0.9700000286102295,14.685314685314685,4.19,14.24,10.05
569,HOBBIES_2_143,TX,1.0,1.0,16.921127747445627,7,30,0.2849999964237213,100,0.7,42.53436826963582,12.12,29.77,17.65
570,HOBBIES_2_143,TX,1.2200000286102295,2.25,0.0,7,0,0.2849999964237213,100,1.2200000286102295,15.75,4.49,19.22,14.729999999999999
571,HOBBIES_2_143,TX,1.5700000524520874,1.0,0.4749999657273313,7,0,0.2849999964237213,100,1.5700000524520874,7.0,1.99,10.99,9.0
572,HOBBIES_2_143,WI,0.27000001072883606,2.0,0.005520774068478806,7,0,0.13500000536441803,100,0.27000001072883606,14.0,1.89,3.78,1.89
573,HOBBIES_2_143,WI,0.9700000286102295,1.992063492063492,0.0,7,0,0.13500000536441803,100,0.9700000286102295,13.944444444444445,1.88,13.53,11.649999999999999
574,HOBBIES_2_143,WI,1.2200000286102295,2.7333333333333334,0.0,7,0,0.13500000536441803,100,1.2200000286102295,19.133333333333333,2.58,23.34,20.759999999999998
575,HOBBIES_2_144,CA,0.5,1.3404255319148937,0.14545780930884922,7,0,0.25,100,0.5,9.382978723404255,2.35,4.69,2.3400000000000003
576,HOBBIES_2_144,TX,0.5,1.3501805054151625,1.5452132982885038,7,0,0.25,100,0.5,9.451263537906138,2.36,4.73,2.3700000000000006
577,HOBBIES_2_144,WI,0.5,1.1595330739299612,0.20578100788294448,7,0,0.25,100,0.5,8.116731517509729,2.03,4.06,2.03
578,HOBBIES_2_145,CA,2.5799999237060547,1.6851063829787234,0.0,7,0,1.2899999618530273,100,2.5799999237060547,11.795744680851064,15.22,30.43,15.209999999999999
579,HOBBIES_2_145,CA,2.7699999809265137,1.6227848101265823,0.5022003870730304,7,0,1.2899999618530273,100,2.7699999809265137,11.359493670886076,14.65,31.47,16.82
580,HOBBIES_2_145,CA,2.880000114440918,1.6217228464419475,0.016479168163523645,7,0,1.2899999618530273,100,2.880000114440918,11.352059925093632,14.64,32.69,18.049999999999997
581,HOBBIES_2_145,TX,2.3299999237060547,8.0,20.15099587000809,7,10,1.1649999618530273,100,2.0969999313354495,100.0,116.5,209.7,93.19999999999999
582,HOBBIES_2_145,TX,2.5799999237060547,1.4269005847953216,7.106439580421935,7,30,1.1649999618530273,100,1.8059999465942382,31.282687959112284,36.44,56.5,20.060000000000002
583,HOBBIES_2_145,TX,2.7699999809265137,1.6077844311377245,0.0,7,0,1.1649999618530273,100,2.7699999809265137,11.254491017964071,13.11,31.17,18.060000000000002
584,HOBBIES_2_145,TX,2.880000114440918,1.6500691562932226,0.0,7,0,1.1649999618530273,100,2.880000114440918,11.550484094052559,13.46,33.27,19.810000000000002
585,HOBBIES_2_145,WI,2.4800000190734863,1.5,0.0,7,0,1.2400000095367432,100,2.4800000190734863,10.5,13.02,26.04,13.02
586,HOBBIES_2_145,WI,2.7699999809265137,1.512,0.0,7,0,1.2400000095367432,100,2.7699999809265137,10.584,13.12,29.32,16.200000000000003
587,HOBBIES_2_145,WI,2.880000114440918,1.5865580448065173,0.0,7,0,1.2400000095367432,100,2.880000114440918,11.10590631364562,13.77,31.99,18.22
588,HOBBIES_2_146,TX,1.0,1.0,0.0,7,0,0.5,100,1.0,7.0,3.5,7.0,3.5
589,HOBBIES_2_148,CA,0.8799999952316284,1.5445859872611465,0.0,7,0,0.4399999976158142,100,0.8799999952316284,10.812101910828025,4.76,9.51,4.75
590,HOBBIES_2_148,CA,0.9700000286102295,1.5833333333333333,0.0,7,0,0.4399999976158142,100,0.9700000286102295,11.083333333333332,4.88,10.75,5.87
591,HOBBIES_2_148,TX,0.8799999952316284,1.5435139573070606,0.409395054216896,7,0,0.4399999976158142,100,0.8799999952316284,10.804597701149424,4.75,9.51,4.76
592,HOBBIES_2_148,TX,1.1699999570846558,1.25,0.5770360228873819,7,0,0.4399999976158142,100,1.1699999570846558,8.75,3.85,10.24,6.390000000000001
593,HOBBIES_2_148,WI,0.7699999809265137,1.4052287581699345,1.9653590665145053,7,0,0.38499999046325684,100,0.7699999809265137,9.836601307189541,3.79,7.57,3.7800000000000002
594,HOBBIES_2_148,WI,0.8799999952316284,1.4727722772277227,0.0,7,0,0.38499999046325684,100,0.8799999952316284,10.30940594059406,3.97,9.07,5.1
595,HOBBIES_2_148,WI,1.1699999570846558,1.0,0.9740945882277773,7,0,0.38499999046325684,100,1.1699999570846558,7.0,2.69,8.19,5.5
596,HOBBIES_2_149,CA,0.9700000286102295,1.6219512195121952,0.3823230648683888,7,0,0.48500001430511475,100,0.9700000286102295,11.353658536585368,5.51,11.01,5.5
597,HOBBIES_2_149,TX,0.5,1.0,0.0,7,0,0.25,100,0.5,7.0,1.75,3.5,1.75
598,HOBBIES_2_149,TX,0.9700000286102295,1.7671957671957672,0.4842653057801003,7,0,0.25,100,0.9700000286102295,12.37037037037037,3.09,12.0,8.91
599,HOBBIES_2_149,WI,0.9700000286102295,1.6628701594533029,0.5047705883394806,7,0,0.48500001430511475,100,0.9700000286102295,11.64009111617312,5.65,11.29,5.639999999999999
